sound	source	issue	date	page
AAAAGH! EEEEEOOOW ACK! UGH UGH MMP AGH! AEEK	REMOVAL OF A DEEP ROOTED TOOTH	66	OCTOBER 1961	PAGE 20
AAAK AAK	BUSY CITY PEOPLE COUGHING	164	JAN 1974	PAGE 33
AAEEFWOFAAEE	ONE OF TARZAN'S SPECIAL ANIMAL CALLS	245	MARCH 1984	PAGE 42
AAGH	INDIANS GETTING SHOT	121	SEPTEMBER 1968	PAGE 15
AAHT AAHHT BLOOOOT	BUSY CITY HORNS	164	JAN 1974	PAGE 33
ACK	INDIANS GETTING SHOT	121	SEPTEMBER 1968	PAGE 15
ACK	MAN CHOKING	268	JANUARY 1987	PAGE 42
ACK GAK GARK!	MAN HAVING A HEART ATTACK	228	JAN 1982	BACK COVER
AGH! UGH! ARG!	MAN STRUGGLING WITH A FISHING POLE	202	OCT 1978	PAGE 34
AHH- AHH- AHH ... THOONOONN	IRON MAN SNEEZING INSIDE HIS IRON MASK	210	OCT 1979	PAGE 20
AHHHHHHHHHH	FRANKENSTEIN INHALING	239	JUNE 1983	PAGE 49
AHWEEEEEE-AK	A COW HORN	85	MAR 1964	PAGE 48
AK	MAN CHOKING	268	JANUARY 1987	PAGE 42
ALING	ALARM CLOCK	31	FEBRUARY 1957	PAGE 36
ALING ALING	ALARM CLOCK	31	FEBRUARY 1957	PAGE 36
ALING ALING!	ALARM CLOCK	31	FEBRUARY 1957	PAGE 36
ALING!	ALARM CLOCK	31	FEBRUARY 1957	PAGE 36
AOOGA AOOOGA AOOOGA AOOGA	TRUCK HORN	95	JUNE 1965	PAGE 29
APPLAUD YEA!	AUDIENCE	55	JUNE 1960	PAGE 8
ARARAGH!!	LARGE LION IN GORILLA SUIT GROWLING	65	SEPTEMBER 1961	PAGE 44
ARARGH!!	LARGE GORILLA GROWL	65	SEPTEMBER 1961	PAGE 44
ARGLE GLARGLE GLORGLE GLUK	PRINCESS USING MOUTHWASH	190	APR 1977	INSIDE BACK COVER
ARRARGH WAMP BLAMP OOF YUG	A LADY AND THE HULK MAKING LOVE	221	MARCH 1981	PAGE 17
ARRARGH YAK FITZROWER RIP	TARZAN FIGHTING WITH LEOPARD	211	DEC 1979	BACK COVER
ARRARGH!	MAN TURNING INTO A WEREWOLF	263	JUNE 1986	PAGE 12
ARRARGH! RIP TEAR	BANNER TURNING INTO THE HULK	221	MARCH 1981	PAGE 16
ARRARGHNNARRGH	AN ENTIRE DIALOGUE SCRIPT FOR THE HULK	210	OCT 1979	PAGE 21
ARRARGLE!	THE HULK CALLING A WAITER	221	MARCH 1981	PAGE 16
ARRGH!	GAGGED MAN TRYING TO TALK	272	JULY 1987	PAGE 43
AWK	MAN HAVING A HEART ATTACK	136	JULY 1970	PAGE 48
AWK GAK ARGH GASP	PATIENT CHOKING	175	JUNE 1975	PAGE 42
AWK!	BRIDE	265	SEPTEMBER 1986	PAGE 31
AWK!	GROOM	265	SEPTEMBER 1986	PAGE 32
BAHOO BAHOO BAHOO	CAPT. KIRK CRYING	251	DEC 1984	PAGE 32
BAM BAM BOOM BOOM	SALESMAN POUNDING AND KICKING A DOOR	218	OCT 1980	PAGE 39
BAM!	LIGHTNING	57	SEPTEMBER 1960	PAGE 11
BAM-BAM BAM BAM BAM	PRISONERS POUNDING FISTS ON DINING TABLE	67	DECEMBER 1961	PAGE 48
BAP	AN EXTENSION ARM LAUNCHED BOXING GLOVE HITTING A DOCTOR IN THE FACE	70	APRIL 1962	PAGE 9
BAP-KRAK KIK HIT	ROBIN HOOD GIVING LITTLE JOHN A PUMMELING	71	JUNE 1962	PAGE 29
BARF BARF	SANDY WITH A COLD, WARNING ANNIE OF A RAPIST HIDING IN THE CLOSET	210	OCT 1979	PAGE 21
B-B-B-BORFFT!	PORKY PIG BELCHING AFTER A BIG MEAL	210	OCT 1979	PAGE 22
BBBLPLAST	HUMAN ORGAN MUSIC	273	SEPTEMBER 1987	PAGE 13
BBFRPRAFPGHPP	DOCTOR FARTING	110	APR 67	PAGE 10
BBLLBBLLBBLLBBLLBBLL	MAN MAKING LIP SOUNDS	270	APRIL 1987	PAGE 35
BEAUGH	PEOPLE VOMITING	266	OCTOBER 1986	PAGE 48
BEEDOOP	INDIANS MAKING NOISES	121	SEPTEMBER 1968	PAGE 14
BEEYOOP	THE HULK TURNING INTO BANNER	221	MARCH 1981	PAGE 16
BING BING BING BING BING	DESK BELL BEING RUNG	86	APRIL 1964	PAGE 26
BING BING BING BING BING	FIRE ALARM AT FIRESTATION	219	DEC 1980	PAGE 14
BING BING BING BING BING BING BING BING BING BING BING BING	FIRE ALARM AT FIRESTATION	219	DEC 1980	PAGE 13
BING BONG	DOORBELL	72	JULY 1962	PAGE 48
BING BONG	DOOR BELL	268	JANUARY 1987	PAGE 19
BIZZZT	SHAKING HANDS WITH TRICK BUZZER	110	APR 67	PAGE 11
BLAM	GUN FIRING	171	DEC 1974	PAGE 25
BLAM	GUN BEING FIRED	189	MAR 1977	PAGE 11
BLAM	PRIZONER IN A DUNGEON BEING SHOT	244	JAN 1984	PAGE 13
BLAM	WEDDING PARTY SHOOTING BOUQUET	265	SEPTEMBER 1986	PAGE 40
BLAM BAM BAM BLAM!	SHOOTING A FAKE HORSE HEAD	73	SEPTEMBER 1962	PAGE 16
BLAM BLAM	SETTLERS SHOOTING AT INDIANS	121	SEPTEMBER 1968	PAGE 15
BLAM BLAM	SHOTGUN	133	MARCH 1970	PAGE 44
BLAM BLAM BLAM	MAN SHOOTING ANOTHER WITH PISTOL IN POCKET	225	SEPT 1981	PAGE 23
BLAM BLAM POIT	SPY PULLING GUN OUT OF NOSE AND SHOOTING OTHER SPYS	106	OCT 66	PAGE 24
BLAM BLOOM BLAM BLOOM	GUNS FIRING AT YECCH MONSTER	164	JAN 1974	PAGE 30
BLAMP BLAMP	GUN SHOTS	216	JULY 1980	PAGE 17
BLAP BLAP	PEOPLE VOMITING	266	OCTOBER 1986	PAGE 48
BLEEGH	PEOPLE VOMITING	266	OCTOBER 1986	PAGE 48
BLEEP	OLIVE OYL'S BREASTS POPPING OUT	224	JULY 1981	PAGE 17
BLIB BLIB BLIB-BLIB	HELICOPTER HOVERING	93	MAR 1965	PAGE 7
BLIDIT	INDIANS MAKING NOISES	121	SEPTEMBER 1968	PAGE 14
BLINK BLINK	DEFORMED EYE BLINKING	89	SEPT 1964	PAGE 48
BLINK BLINK	FLASHING TRUCK HEADLIGHTS	95	JUNE 1965	PAGE 29
BLINK BLINK	MAN BLINKING	107	DEC 66	PAGE 28
BLINK BLINK	FRANKENSTEIN EYE MOVING	164	JAN 1974	PAGE 27
BLINK BLONK BLINK BLONK	FLASHING LIGHTED ARROWS	107	DEC 66	PAGE 28
BLIOMP	SPY PULLING POISONED SWORD FROM ARM	106	OCT 66	PAGE 24
BLIT	EYE BEING VACUUMED	89	SEPT 1964	PAGE 48
BLOBBLE	PEOPLE VOMITING	266	OCTOBER 1986	PAGE 48
BLOIT	POPEYE'S MUSCLE POPPING UP	224	JULY 1981	PAGE 16
BLOOM BLOOM	REAL GUN FIRING	148	JAN 1972	PAGE 19
BLOOP	WOMAN TIGHTENING HER HUSBAND'S LEATHER BELT	77	MARCH 1963	PAGE 35
BLORF BREEDEET	GAGGED MAN TRYING TO TALK	272	JULY 1987	PAGE 43
BLORP	BOY DISAPPEARING IN WET CEMENT	190	APR 1977	PAGE 48
BLORP	EYES POPPING UP IN WATER	193	SEP 1977	BACK COVER
BLUB BLUB BLUB BLUB	HELICOPTER FLYING	93	MAR 1965	PAGE 7
BLUB BLUB BLUB BLUB BLUB	BOY SINKING IN WET CEMENT	190	APR 1977	PAGE 48
BONG	MAN'S HEAD HITTING A BELL	45	MARCH 1959	PAGE 48
BONG	CINDER BLOCK BOUNCING OFF PEDESTRIAN'S HEAD	70	APRIL 1962	PAGE 37
BONG	REFRIGERATOR TIMER GOING OFF	73	SEPTEMBER 1962	PAGE 17
BONG	TRAIN STATION LOCAL NUMBER POPPING UP	100	JAN 66	PAGE 48
BONG	BELL	134	APRIL 1970	PAGE 41
BONG	BELL	134	APRIL 1970	PAGE 42
BONG	CLOCK STRIKING MIDNIGHT	195	DEC 1977	BACK COVER
BONG	ELEVATOR STOPPING AT A FLOOR	219	DEC 1980	PAGE 15
BONG BONG BONG BONG BONG BONG BONG BONG	HUNCH BACK RINGING ICE CREAM CART BELL	203	DEC 1978	BACK COVER
BONG, FLADIP, FLUK	TELL YOUR FORTUNE MACHINE TICKET READY AND GUY PICKS UP TICKET	252	JAN 1985	PAGE 48
BOOM	CANNON	137	SEPTEMBER 1970	PAGE 11
BOOM	SHOOTING MAN OUT OF CANNON	177	SEPT 1975	PAGE 48
BOOMA DOOMA (REPEAT 4 TIMES)	A DISTANT DRUM MESSAGE	90	OCT 1964	PAGE 48
BOOMER-ROOM	ATOMIC BLAST	238	APRIL 1983	PAGE 14
BPLFLT!	MAN'S HEAD SQUASHED BY A LARGE BOTTOMED BUS RIDER	64	JULY 1961	PAGE 27
BRAGHK	PEOPLE VOMITING	266	OCTOBER 1986	PAGE 48
BRAK GRAK	CAR SHIFTING TO FIRST GEAR	95	JUNE 1965	PAGE 28
BRAP	SNAKE CHARMER'S FLUTE	124	JANUARY 1969	PAGE 11
BRAVO BRAVO	AUDIENCE	55	JUNE 1960	PAGE 8
BRAVO BRAVO BRAVO	AUDIENCE CHEERING	187	DEC 1976	PAGE 42
BRAVO BRAVO HOORAY BRAVO YIPPEE	AUDIENCE CHEERING	187	DEC 1976	PAGE 42
BREEBEEP	INDIANS MAKING NOISES	121	SEPTEMBER 1968	PAGE 14
BREEDEET	INDIANS MAKING NOISES	121	SEPTEMBER 1968	PAGE 14
BREEP-BREEP	INDIANS MAKING NOISES	121	SEPTEMBER 1968	PAGE 14
BREET BREET	INDIANS MAKING NOISES	121	SEPTEMBER 1968	PAGE 14
BREET BROOT	INDIANS MAKING NOISES	121	SEPTEMBER 1968	PAGE 14
BREET-BREET TOOD TOOD	CHIRPING CRICKETS AND TREE TOADS	92	JAN 1965	PAGE 47
BRING	PHONE RINGING	164	JAN 1974	PAGE 29
BRNNGT BRNNGT	TELEPHONE RINGING	231	JUNE 1982	PAGE 31
BROODOOT	INDIANS MAKING NOISES	121	SEPTEMBER 1968	PAGE 14
BROOM	CAR WHEELING AWAY	95	JUNE 1965	PAGE 28
BROOM GROOM!! BROOM!!	START UP OF A TWIN ENGINE AIRCRAFT	68	JANUARY 1962	PAGE 8
BROOM PUCKA PUCKA PUCKA BROOM PUCKA PUCKA	CAR REVVING FOR A DRAG RACE	95	JUNE 1965	PAGE 30
BRRRAPP!	BOY BELCHING	179	DEC 1975	PAGE 11
BRRRNNG ... BRRRNNG ...	PHONE RING	201	SEP 1978	PAGE 48
BUKKIDA BUKKIDA BAKKIDA BAKKIDA BUKKIDA BUKKIDA BAKKIDA BAKKIDA	BOXER PUMMELS HEAD OF OPPONENT	SPECIAL #23	1977	BONUS INSERT STICKERS
BUR-RP	PATIENT BELCHING IN I.V. BAG	104	JULY 66	PAGE 25
BWAUGHK	PEOPLE VOMITING	266	OCTOBER 1986	PAGE 48
BWEEP	SCIENTISTS LEG GROWING	108	JAN 67	PAGE 48
BWEEP	LARGE CYLINDRICAL BUMP RISES FROM TOP OF HEAD WHERE BRICK HAD BOUNCED	SPECIAL #23	1977	BONUS INSERT STICKERS
BZOWNT	RAY GUN FIRING	169	SEPT 1974	PAGE 42
BZZNNT	RAY GUN FIRING	169	SEPT 1974	PAGE 42
BZZOWNT	ELECTRIC DRILL APPLIED TO FOREHEAD	SPECIAL #23	1977	BONUS INSERT STICKERS
BZZOWNT!	HEAD IN VEND-O-HAIR MACHINE	143	JUN 1971	PAGE 15
BZZT BZZT	PATIENT RINGING HOSPITAL BUZZER	220	JAN 1981	PAGE 37
BZZZ BZZT	FLYING INSECT	194	OCT 1977	PAGE 39
BZZZT CHUNKA CHUNKA ZIKKIK ZIKKIK FWEEN ZOOKA ZOOKA	CHANGE MACHINE FOR TELEPHONE	205	MARCH 1979	PAGE 37
BZZZT KLIK-KLIK- KLIK-KLIK-KLIK- KLIK GAZOWNT GAZIKKA	VENDING MACHINE ABOUT TO MAKE CHANGE	208	JUL 1979	PAGE 42
BZZZT! WHIR! SCREEEEZT!	SAFECRACKERS	59	DECEMBER 1960	PAGE 15
CAW CAW CAW	CROW	127	JUNE 1969	PAGE 17
CAW-CAW-CAW	WILD GAME CALL	127	JUNE 1969	PAGE 17
CHAKA CHAKA CHAKA CHAKA	MOTHER SHAKING A RATTLE	187	DEC 1976	PAGE 11
CHAKA CHAKA CHAKA CHAKA	BABY SHAKING ANOTHER BABY	187	DEC 1976	PAGE 11
CHAKUNK-DING-RIP	CASH REGISTER KEY PUSHING, RECEIPT TEARING	173	MAR 1975	PAGE 11
CHEEOMP! CHOMP CHOMP CHOMP	ESKIMO EATING A FISH	178	OCT 1975	PAGE 48
CHEEP	INDIANS MAKING NOISES	121	SEPTEMBER 1968	PAGE 14
CHIKA CHUNK	AIRBOAT	122	OCTOBER 1968	PAGE 9
CHIMP CHIMP	FINGERNAIL CHEWING	95	JUNE 1965	PAGE 30
CHIP CHIP CHIP CHIP	MAN CHIPPING AWAY AT END OF TREE WITH AXE	178	OCT 1975	PAGE 15
CHIRP	INDIANS MAKING NOISES	121	SEPTEMBER 1968	PAGE 14
CHK CHK CHA-GONK BRBBRBBRING!	MAN'S EYES BEING POKED LIKE A CASH REGISTERS' KEYS AND JAW POPPING OPEN LIKE A TILL DRAWER	61	MARCH 1961	PAGE 18
CHOMP	GENTEEL BEN EATING	122	OCTOBER 1968	PAGE 8
CHOMP	PATIENT BITING STRING	128	JULY 1969	PAGE 21
CHOMP	MAN EATING	268	JANUARY 1987	PAGE 42
CHOMP CHOMP	FULL MOUTH CHEWING	95	JUNE 1965	PAGE 27
CHOMP CHOMP	BIRD EATING CLAM	135	JUNE 1970	PAGE 29
CHOMP CHOMP	SPIDERMAN EATING A FLY	212	JAN 1980	PAGE 14
CHOMP CHOMP CHOMP	HIPPIE EATING A BANANA	116	JAN 68	PAGE 13
CHOMP CHOMP GLUK CLOMP	BOY EATING SANDWICH	179	DEC 1975	PAGE 11
CHOMP CHOMP URP SLURP GLURK	VULTURES EATING CAR	117	MAR 68	PAGE 11
CHOMP CHOMPLE SLURP GLUP	MAN DRINKING FROM A BOTTLE	233	SEPT 1982	BACK COVER
CHOMP GLORK GLURKLE CHOMP	BOY EATING SANDWICH	179	DEC 1975	PAGE 11
CHOMP GLORT CHONK SHLURP	BOY EATING SANDWICH	179	DEC 1975	PAGE 11
CHOMP! CHOMP CHOMP CHOMP	MAN BITING WRENCH AND CHEWING	96	JULY 1965	PAGE 13
CHONK	NURSE JABBING I.V. INTO PATIENTS ARM	104	JULY 66	PAGE 13
CHONK CHONK CHONK	SUBTOTAL CHOPPING AT DRAGON	235	DEC 1982	PAGE 45
CHONK KRAKLE GLUK	MAN CHEWING GLASS	168	JULY 1974	PAGE 34
CHOOK CHOOK CHOOK CHOOK	MAN DIGGING GROUND	199	JUN 1978	PAGE 11
CHOP CHOP CHOP CHOP	MAN CHOPPING DOWN TREE	178	OCT 1975	PAGE 15
CHOP-CHOP	SCOUT HITTING TREE WITH AX	131	DECEMBER 1969	PAGE 48
CHUCKLE	LAUGHTER	261	MARCH 1986	PAGE 42
CHUGA CHUGA CHUGA CHUGA	STEAM ROLLER	140	JANUARY 1971	PAGE 31
CHUGA CHUGA CHUGA CHUGA	STEAMROLLER	140	JAN 1971	PAGE 31
CHUNK	NURSE POKING I.V. IN PATIENTS ARM	104	JULY 66	PAGE 25
CHUNK	BIRD STABBING WORM WITH FORK	147	DEC 1971	PAGE 11
CHUNK-KASHINK	SHOVEL	261	MARCH 1986	PAGE 9
CLACK CLACK CLATTER CLATTER	MAN'S BONES BREAKING	56	JULY 1960	PAGE 13
CLANG	STIFF SPAGHETTI BANGING INTO COOK'S FACE	88	JULY 1964	PAGE 9
CLANG CLANG CLANG	SAFECRACKERS	59	DECEMBER 1960	PAGE 15
CLAP CLAP CLAP CLAP CLAP	AUDIENCE CLAPPING	81	SEPT 1963	PAGE 11
CLAP CLAP CLAP CLAP CLAP CLAP CLAP CLAP CLAP	AUDIENCE CLAPPING	187	DEC 1976	PAGE 42
CLAP CLAP CLAP CLAP CLAP CLAP CLAP CLAP CLAP CLAP	AUDIENCE CLAPPING	189	MAR 1977	PAGE 42
CLAP CLAP!	APPLAUSE	55	JUNE 1960	PAGE 8
CLAP-CLAP CLAP-CLAP	PRISONERS APPLAUDING CHEF	67	DECEMBER 1961	PAGE 48
CLATTA CAK CLAKA	CHICKEN LAYING EGG	103	JUN 66	PAGE 34
CLATTER	TEETH HITTING GREEN	125	MARCH 1969	PAGE 13
CLICK	BRAIN LIGHT BULB BEING TURNED ON	81	SEPT 1963	PAGE 24
CLICK!	A PHOTOGRAPHER TAKING A PICTURE	80	JULY 1963	PAGE 10
CLIK CLIK	RUNNING DOWN CONCRETE STEPS	93	MAR 1965	PAGE 7
CLIK CLIK	CHICKEN JUMPING INTO NEST	103	JUN 66	PAGE 34
CLIK KLAK	KEY OPENING STEAM CABINET	123	DECEMBER 1968	PAGE 29
CLIK RRROOOOM	ELECTRIC FAN BEING TURNED ON	113	SEPT 67	PAGE 17
CLIK-CLIK-CLIK-CLIK	RUNNING UP CONCRETE STEPS	93	MAR 1965	PAGE 7
CLINK	SCULPTOR CHISELING PIECE OF BLOCK	108	JAN 67	PAGE 9
CLINK CLOINK BZZT	PUTTING MONEY IN VEND-O-HAIR MACHINE	143	JUN 1971	PAGE 15
CLIP-CLAP CLIP-CLAP CLIP-CLAP	DRACULA RUNNING DOWN A PATH	213	MARCH 1980	PAGE 14
CLOMP CLOMP CLOMP CLOMP	LADY RUNNING DOWN A PATH	213	MARCH 1980	PAGE 14
CLONK!	MAN'S HEAD FLATTENED BETWEEN LOG AND ROMAN MARBLE COLUMN	64	JULY 1961	PAGE 15
CRASH	WHITE MAN RUNNING THROUGH WOODS	121	SEPTEMBER 1968	PAGE 14
CRASH BASH RIP GAZAP	PAY PHONE BEING ASSAULTED	190	APR 1977	PAGE 13
CRUGAZUNCH	TWO CARS COLLIDING	256	JULY 1985	PAGE 42
CRUNCH	WHITE MAN RUNNING THROUGH WOODS	121	SEPTEMBER 1968	PAGE 14
CRUNCH	SIGN HITTING GROUND	139	DECEMBER 1970	PAGE 15
CRUNCHLE	WHITE MAN RUNNING THROUGH WOODS	121	SEPTEMBER 1968	PAGE 14
DANG	DENTIST KNOCKING EXTENDED TOOTH BACK INTO PLACE	86	APRIL 1964	PAGE 36
DANG DANG DANG DANG DANG DANG DANG DANG DANG	POLICE OR FIRE SIREN	215	JUNE 1980	BACK COVER
DIG DIG DIG DIG DIG	MAN DIGGING	130	OCTOBER 1969	PAGE 10
DIG DIG DIG DIG DIG DIG	MAN DIGGING	130	OCTOBER 1969	PAGE 10
DIK DIK, DIK DAKDIK DAKKADAK DIKKA DAKKA	TYPIST TYPING ON A COMPUTER KEYPAD	258	OCT 1985	PAGE 24
DIKKA DIK DEEP DABWAK DOOTBWEET DAKKITYDAK OONT GIKKADIK DIK DOKKA DAK DEEP	CASEY WORKING LABORIOUSLY ON THE COMPUTER	258	OCT 1985	PAGE 31
DING	ELEVATOR DOOR ABOUT TO CLOSE	237	MARCH 1983	PAGE 39
DING	TELEPHONE FALLING	272	JULY 1987	PAGE 43
DING (13 TIMES)	AIRPORT METAL DETECTOR GOING OFF	224	JULY 1981	PAGE 14
DING DING DING DING DING	SPIDERMAN GETTING WEB FLUID AT PUMP	212	JAN 1980	PAGE 14
DING DING DING DING DING DING DING DING	MAN WITH ALARM CLOCK IN STOMACH BEING SWATTED OUT A WINDOW	61	MARCH 1961	PAGE 9
DING DING DING DING DING DING DING DING	AIRPORT METAL DETECTOR GOING OFF	224	JULY 1981	PAGE 14
DING DING DING DING DING DING DING DING DING	MAN FILLING HIMSELF UP WITH AIR	180	JAN 1976	PAGE 20
DING DING DING DING DING DING DING DING DING DING	ALARM CLOCK AND CLOCK BEING SWATTED OUT OF A HIGH-RISE APARTMENT WINDOW	61	MARCH 1961	PAGE 8
DING DING DING DING DING DING DING DING DING DING DING DING DING DING	ALARM CLOCK	265	SEPTEMBER 1986	PAGE 32
DING DING DING DING DING DING DING GLUK	ALARM CLOCK FALLING AND DOWN INTO A YAWNING MAN'S THROAT	61	MARCH 1961	PAGE 9
DINGALINA DINGALINGA	DOOMS DAY MAN RINGING A BELL	223	JUNE 1981	PAGE 11
DINGALINGA	CANNIBAL RINGING A BELL	252	JAN 1985	PAGE 23
DINK DINK DINK DINK	TIP-TOEING	90	OCT 1964	PAGE 10
DINK-DINK-DINK-DINK	TIPTOEING INDIAN IN A BUSH DISGUISE	96	JULY 1965	PAGE 36
DIT	FLYING HAT BOUNCING OFF HEAD	177	SEPT 1975	PAGE 14
DIT DIT	GENTEEL BEN LOOKING AT FEMALE BEAR	122	OCTOBER 1968	PAGE 8
DIT DIT DIT DIT DIT	EYE ROLLING ACROSS THE STREET	140	JANUARY 1971	PAGE 31
DIT DIT DIT DIT DIT	EYE BOUNCING ACROSS ROAD	140	JAN 1971	PAGE 31
DIT-CLUNK	FISH HITTING GREEN AND HOLE	125	MARCH 1969	PAGE 13
DOINK DOINK DOINK DOINK	TIPTOEING HORSE AND RIDER IN A TREE DISGUISE	96	JULY 1965	PAGE 36
DOIP	EYE POPPING OUT	140	JAN 1971	PAGE 31
DOIP!	EYE POPPING OUT OF EYE SOCKET	140	JANUARY 1971	PAGE 31
DOMP DOMP DOMP	TONTO COUNTING BY TAPPING GROUND	216	JULY 1980	PAGE 16
DONG	GENTEEL BEN LOOKING AT FEMALE BEAR	122	OCTOBER 1968	PAGE 8
DON'T WALK	GENTEEL BEN LOOKING AT FEMALE BEAR	122	OCTOBER 1968	PAGE 8
DOOBA DOOBA DEEBE DEEBE (REPEAT 4 TIMES)	A DRUM BEATEN RESPONSE TO THE DISTANT MESSAGE	90	OCT 1964	PAGE 48
DOOBADOOBADOOBA	TARZAN BEATING HIS CHEST	245	MARCH 1984	PAGE 42
DOODLE	HUMAN ORGAN MUSIC	273	SEPTEMBER 1987	PAGE 13
DOONT	MAN HITTING POLE	120	JULY 1968	INSIDE FRONT COVER
DOONT	WINE BOTTLE BOUNCES OFF FOREHEAD	SPECIAL #23	1977	BONUS INSERT STICKERS
DOOOT	LUNCHTIME WORK WHISTLE	244	JAN 1984	BACK COVER
DOOP	FOOD FALLING OUT OF MAN'S MOUTH	268	JANUARY 1987	PAGE 42
DOOT	DOCTOR HITTING PATIENT'S KNEE WITH SMALL HAMMER	182	APR 1976	PAGE 48
DRIPPLE BLIT	DRIPPING SOUP FROM SPOON INTO SOUP BOWL	161	SEPT 1973	PAGE 48
DUBBA DUBBA DUBBA	TARZAN BEATING CHEST	183	JUN 1976	PAGE 11
ECCH YAACH BARF GAHORK	ANDY CAPP DRINKING WATER BY MISTAKE	210	OCT 1979	PAGE 23
ECK!	MAN ESCAPING FROM THE DUNGEON	261	MARCH 1986	PAGE 42
ECKECK!	DOG WITH A TIC	198	APR 1978	PAGE 11
EEAHEEAHEEAHEEAHEEAH	TARZAN'S DISTRESS CALL	248	JULY 1984	PAGE 9
EECH	INDIANS GETTING SHOT	121	SEPTEMBER 1968	PAGE 15
EEEAAAGH!!	SOUND PERSON MAKES WHEN CAT BITES OFF THEIR TONGUE	159	JUN 1973	PAGE 27
EEEEEEEEEEEEEEEEE	CAR SCREAMING ITS ARRIVAL	95	JUNE 1965	PAGE 28
FABA DABA ZAP	ELECTODESDELIVERING 400000 VOLTS	165	MARCH 1974	PAGE 23
FABADAP	COWS UDDER MOVING AGAIN	101	MAR 66	PAGE 26
FAGROON KLUBBLE KLUBBLE	FOOD MART FALLING DOWN	115	DEC 67	PAGE 14
FAGROOOSH SHUSSHH SHPISHLE FROOM	A SEA SHELL	226	OCT 1981	PAGE 16
FAGWOOSH SHOSSH GOOGLOOOM FUSH	A SEA SHELL	226	OCT 1981	PAGE 14
FAP	A HUGE EXTENSION ARM LAUNCHED BOXING GLOVE HITTING A DOCTOR IN THE FACE	70	APRIL 1962	PAGE 10
FAROOLANA, FASHUNK	CORONER OPENING , THEN CLOSING COLD STORAGE CABINETS WHERE DECEASED ARE KEPT	249	SEPT 1984	PAGE 23
FARRAPPGHT FPFWORPFT FFFPFWRAP	NEWS ANCHORS FLYING AROUND AS THEY DEFLATE	254	APRIL 1985	PAGE 36
FASHKLORK	HUGE FISH EMERGING OUT OF A POND	240	JULY 1983	PAGE 26
FERRAP!	MERVYN SHUFFLING CARDS FROM ONE HAND TO THE OTHER	227	DEC 1981	PAGE 24
FERRIP!	KING SHUFFLING A DECK OF CARDS	218	OCT 1980	BACK COVER
FFFFOOOOOOOO	FRANKENSTEIN EXHALING	239	JUNE 1983	PAGE 49
FFFRRRAAPFT!	MAN EXPELLING COMPRESSED AIR	180	JAN 1976	PAGE 20
FFPGHFTP!	CAVEMAN BLOWING STICK	146	OCT 1971	PAGE 21
FIDIP-FIDIP	ANT BOXING COWS UDDER	101	MAR 66	PAGE 26
FIFF-FRREP	SNAKE CHARMER'S FLUTE	124	JANUARY 1969	PAGE 11
FINK!	HEAD SPRINGING OUT OF TOY	49	SEPTEMBER 1959	PAGE 8
FIP FOP FIDDIT FAP	SURVIVAL RAFT INFLATING	134	APRIL 1970	INSIDE FRONT COVER
FIP-FIP	COWS UDDER MOVING	101	MAR 66	PAGE 26
FIT!	BOY LETTING AIR OUT OF BALLOON WHICH FLIES AWAY	98	OCT 1965	PAGE 48
FITZ ROWR	A HUNGRY STOMACH CHURNING	90	OCT 1964	PAGE 10
FIZZAZZIT	PRISON GUARD SPRAYING A SPRAY CAN	223	JUNE 1981	PAGE 48
FLABADAP	RAPUNZEL'S HAIR	129	SEPTEMBER 1969	PAGE 13
FLADAT	FLATTENED HUMAN BODY FOLDING	92	JAN 1965	PAGE 14
FLAFFLIFF	FLASHER OPENING HIS OVERCOAT	213	MARCH 1980	PAGE 15
FLAK FLOK SWIT GLAP	WOMAN FOLDING UP MAN	144	JUL 1971	PAGE 23
FLAP! FLAP!	EARS FLAPPING	98	OCT 1965	PAGE 28
FLEEDLE	HUMAN ORGAN MUSIC	273	SEPTEMBER 1987	PAGE 13
FLIBADIP	RAPUNZEL'S HAIR	129	SEPTEMBER 1969	PAGE 13
FLIBADIP	RAPUNZEL'S HAIR	129	SEPTEMBER 1969	PAGE 38
FLIF FLAF FLIZAFF	ROBBER PUTTING ON MASK	182	APR 1976	PAGE 17
FLIFF FLIFF	BAT FLYING IN THROW AN OPEN WINDOW	213	MARCH 1980	PAGE 14
FLIFF FLIFFLE FLORF SWORF	TARZAN MISSING THE NEXT VINE	210	OCT 1979	PAGE 20
FLIFFLAFF	DRACULA OPENING HIS CAPE	213	MARCH 1980	PAGE 15
FLIFFLE FLIF	CROP DUSTER	263	JUNE 1986	PAGE 35
FLIK	FLICKING A BUG	194	OCT 1977	PAGE 39
FLIK	KING FLIPPING UP AND HOLDING A KING (CARD)	218	OCT 1980	BACK COVER
FLIK	LADY GRIN'NLEER FANNING DECK OF CARDS	227	DEC 1981	PAGE 27
FLIK	PARACHUTER PULLING OUT INSTRUCTION CARD	230	APRIL 1982	PAGE 9
FLIK	PROSTITUTE SNATCHING CASH OUT OF A JOHN'S HAND	249	SEPT 1984	PAGE 43
FLING	PERSON FLIPPING A COIN	186	OCT 1976	INSIDE FRONT COVER
FLIP	A CANNONBALL BEING THROWN FROM HAND TO HAND	83	DEC 1963	PAGE 11
FLIP BLAP BLAP	WALLPAPER UNROLLING OFF WALL	112	JULY 67	PAGE 32
FLIT	FLATTENED HUMAN BODY FOLDING	92	JAN 1965	PAGE 14
FLOBA-DAP!	BODIES FALLING MANY STORIES TO THE STREET	97	SEPT 1965	PAGE 48
FLOIDOIP	BIRD HATCHES ENORMOUS EGG	SPECIAL #23	1977	BONUS INSERT STICKERS
FLOOF	SMALL RISING SMOKE SIGNAL	181	MAR 1976	PAGE 48
FLOOF	LARGE RISING SMOKE SIGNAL	181	MAR 1976	PAGE 48
FLOOF FLOOF	CROP DUSTER	263	JUNE 1986	PAGE 35
FLOOF FLOOFITY FLIF FLIF FLOF DA-FLAF!	MANY SMOKE SIGNALS RISING QUICKLY	181	MAR 1976	PAGE 48
FLOON	ATOMIC BLAST AT GROUND ZERO	238	APRIL 1983	PAGE 15
FLOOT THWIP THOP KLOP	MAN FOLDING BEACH UMBRELLA	144	JUL 1971	PAGE 23
FLOP	TEETH HITTING GREEN	125	MARCH 1969	PAGE 13
FLOPLOPLOPLOP	WOMAN FALLING IN SLICES	57	SEPTEMBER 1960	PAGE 48
FLORK	HUMAN ORGAN MUSIC	273	SEPTEMBER 1987	PAGE 13
FLOT	FLATTENED HUMAN BODY FOLDING	92	JAN 1965	PAGE 13
FLUK GROON GROON GROON GROON SPLAZITCH SPLAZATCH	VENDING MACHINE PUTTING CHECK MARKS ONTO LUGGAGE	202	OCT 1978	PAGE 42
FOINSAPP	BENT SAW RELEASED IN FACE	SPECIAL #23	1977	BONUS INSERT STICKERS
FOOF	STOVE BEING TURNED ON	116	JAN 68	PAGE 13
FOOM	EXPLOSION	59	DECEMBER 1960	PAGE 16
FOOM FWEE BOOM DOOM DING (12 TIMES)	FIREWORKS ON SCOREBOARD	107	DEC 66	PAGE 29
FOOM!	CONDUCTOR-MAGICIAN TURNING ORCHESTRA INTO RABBITS	55	JUNE 1960	PAGE 8
FOOMP!	SAFE FALLING ON MAN AND WOMAN	54	APRIL 1960	PAGE 40
FOOSH	CAPTAIN KLUTZ RISING IN AIR ON BALLOON	110	APR 67	PAGE 0
FOOSH FWIZZISH	WOMAN ZOOMING OFF AFTER HAVING SEX WITH CONEHEAD	235	DEC 1982	PAGE 45
FOOSHT	BEAM OF LIGHT INSINERATING CHARACTER	240	JULY 1983	PAGE 28
FOOWOOM	FLAMETHROWER SCORCHING CONDEMNED MAN	240	JULY 1983	BACK COVER
FOWM	MASK RETRACTING	87	JUNE 1964	PAGE 10
FROOM	POLICE CAR JUMPING RAMP	185	SEPT 1976	PAGE 12
FRUGGA DUGGA DUGGA DUGGA	SKATEBOARD	274	OCTOBER 1987	PAGE 12
FUMP	BULLY STRONGMAN USES CRANE TO DUMP SAND ON HEAD OF FORMER WEAKLING	80	JULY 1963	PAGE 42
FUNK!	HEAD SPRINGING OUT OF MAN'S BODY	49	SEPTEMBER 1959	PAGE 9
FUNKADA WUNKADA FUNKADA WUNKADA	BOXER HITTING PUNCHING A GUY'S HEAD (APPEARS TO BE PUNCHING BAG)	187	DEC 1976	PAGE 18
FURSH GLURGLE GLUG GLUG GLUG	TOILET FLUSHING	84	JAN 1964	PAGE 48
FURSHGLURK	YECCH MONSTER DROPPING INTO GIANT TOILET	164	JAN 1974	PAGE 32
FUSH	WHITE MAN RUNNING THROUGH WOODS	121	SEPTEMBER 1968	PAGE 14
FUT!	BOY LETTING AIR OUT OF BALLOON WHICH FLIES AWAY	98	OCT 1965	PAGE 48
FWABADAP!	GENTEEL BEN'S WINDOW SHADE SKIN FLAP	122	OCTOBER 1968	PAGE 11
FWADDAPP!	CAVEMEN CLUBBING CAVEWOMAN ON THE HEAD	113	SEPT 67	PAGE 30
FWAK	BRICK BOUNCES OFF TOP OF HEAD	SPECIAL #23	1977	BONUS INSERT STICKERS
FWAK	BRIDE AND GROOM FIGHTING	265	SEPTEMBER 1986	PAGE 32
FWAM	SLIDING WINDOW BROUGHT DOWN HARD ON FINGERS	97	SEPT 1965	PAGE 8
FWAP	THROWING PURSE ON COUNTER	92	JAN 1965	PAGE 29
FWAP	CONSTRUCTION WORKER SLAPPING SIGN OUT OF HIPPIE'S HAND	139	DECEMBER 1970	PAGE 15
FWAP	HAT BEING SLAMMED ON HEAD OF MAN	177	SEPT 1975	PAGE 14
FWAP!	BALLON LETTING AIR OUT OF BOY WHO FLIES AWAY	98	OCT 1965	PAGE 48
FWAPADA DAPADA FWAPADA DAPADA	BOXER HITTING PUNCHING A GUY'S HEAD (APPEARS TO BE PUNCHING BAG)	187	DEC 1976	PAGE 18
FWEE	HAT FLYING OFF HEAD (MAN REACTING TO HORROR COMIC)	177	SEPT 1975	PAGE 14
FWEE!	HAIR RAISING	98	OCT 1965	PAGE 28
FWEEE	BABY FLYING THROUGH AIR	174	APRIL 1975	PAGE 11
FWEEE	RIDER FLYING	274	OCTOBER 1987	PAGE 12
FWEEEEE	SPIDERMAN GETTING QUICKLY LIFTED UP	212	JAN 1980	PAGE 14
FWEEP	GENTEEL BEN LOOKING AT FEMALE BEAR	122	OCTOBER 1968	PAGE 8
FWEEP	SNAKE CHARMER'S FLUTE	124	JANUARY 1969	PAGE 11
FWIP	GLOVE DOOR OPENING	138	OCTOBER 1970	PAGE 35
FWIP	SIAMESE TWINS ROLLING OVER IN BED	142	APR 1971	PAGE 29
FWIP	MERVYN FANNING A DECK OF CARDS	227	DEC 1981	PAGE 24
FWIP	BRIDE THROWING BOUQUET	265	SEPTEMBER 1986	PAGE 40
FWIP FWAP FWIZZAP ZIP	JANE TYING TWO VINES TOGETHER	228	JAN 1982	PAGE 11
FWIPADA DIPADA FWIPADA DIPADA	BOXER HITTING PUNCHING A GUY'S HEAD (APPEARS TO BE PUNCHING BAG)	187	DEC 1976	PAGE 18
FWISK	MAN GRABBING WILD GAME CALL	127	JUNE 1969	PAGE 17
FWISK	WAITER RUNNING	268	JANUARY 1987	PAGE 42
FWISK FWISK	A HOTEL MAID DUSTING	222	APRIL 1981	PAGE 11
FWISK FWISK	MAN SWEEPING DESERTED ISLAND SLOWLY	229	MARCH 1982	PAGE 19
FWISK FWISK FWISKITTY FWASK	MAN SWEEPING DESERTED ISLAND	229	MARCH 1982	PAGE 19
FWISK FWISK FWIZZACH FWACH ZACHITTY ZICH SHAZZATZ FWISK ...	MAN SWEEPING DESERTED ISLAND QUICKLY	229	MARCH 1982	PAGE 19
FWISK FWISKITTY FWASK	BUM RAPIDLY PICKING UP CASH FROM PAVEMENT	245	MARCH 1984	PAGE 11
FWISK GLURK	BLACK MAN GRABBING BOTTLE OUT OF RUBBYS MOUTH TO MAKE A MOLETOFF COCKTAIL	117	MAR 68	PAGE 38
FWISK GLURK	TARZAN GRABBING CHIMP, NOT JANE	119	JUN 68	PAGE 11
FWIT FWAP ZOT SWIT FOOP	CAMPER UN-FOLDING	152	JUL 1972	PAGE 12
FWIT-THHAT FIP THWAT FAP SIT THUMP	MAN APPLYING WALLPAPER TO WALL	112	JULY 67	PAGE 32
FWIZZ	THROWING A CHESS BOARD	194	OCT 1977	PAGE 39
FWOF	ELEPHANT FLASHING JANE	245	MARCH 1984	PAGE 42
FWOOF	ESKIMO LETTING HOT AIR OUT OF SUIT	170	OCT 1974	PAGE 48
FWOOSH	WOMAN SWING A TENNIS RACKET	218	OCT 1980	PAGE 11
FWOOSH SPASHLE	MAN BEING SPLASHED IN FACE FROM HOSE	232	JULY 1982	PAGE 29
FWOOSHSH SPLOSH GALOOOM FSSSH	A SEA SHELL	226	OCT 1981	PAGE 14
FWOP	PARACHUTE OPENING	240	JULY 1983	PAGE 27
FWUMP	WAREWOLF BEING CAUGHT BY DOG CATCHER	207	JUN 1979	BACK COVER
FXLGXTLKFXG!	WOMAN SWEARING	33	JUNE 1957	PAGE 12
GAAH	INDIANS GETTING SHOT	121	SEPTEMBER 1968	PAGE 15
GACK	INDIANS GETTING SHOT	121	SEPTEMBER 1968	PAGE 15
GAK	MAN CHOKING	268	JANUARY 1987	PAGE 42
GAPLONK	KING KONG JUMPING ON BUILDINGS	262	APRIL 1986	PAGE 24
GARRARGH!	MAN TURNING INTO A WEREWOLF	207	JUN 1979	BACK COVER
GARUNK GASPLOOSH GARUNK GASPLOOSH	INDIAN PUMPING WATER OUT OF CACTUS	204	JAN 1979	PAGE 23
GASHKLITZ	SQUIRTING FLOWER PARTED BY MOSES	186	OCT 1976	PAGE 15
GASHKLITZ	MAN WITH SQUIRTING FLOWER KNOCKING ANOTHER'S HEAD OFF	203	DEC 1978	PAGE 11
GASHKLITZKA	WATER FROM SQUIRTING FLOWER HITTING FACE	225	SEPT 1981	PAGE 23
GA-SHKLURTZ	VENDING MACHINE SQUIRTING WATER AT MAN	192	JUL 1977	PAGE 11
GASHKUTZGA	FIREMAN BEING HIT WITH WATER FROM SQUIRTING FLOWER	219	DEC 1980	PAGE 15
GASHOOK GRUNCH	BLOCK OF DUNGEON WALL BEING PUSHED OUT	223	JUNE 1981	BACK COVER
GA-SHPLUCT	FARMER STEPS IN COW FLOP	SPECIAL #23	1977	BONUS INSERT STICKERS
GASHPLUTZGA	FIREMAN SQUIRTING GENERAL WITH WATER FROM A HOSE	206	APR 1979	PAGE 11
GASKROOCH	BLOCK OF DUNGEON WALL FALLING OUT	223	JUNE 1981	BACK COVER
GA-SPLORTCH	BOY ENTERING WET CEMENT	190	APR 1977	PAGE 48
GASPLUSH	SMALL EXPLORER BEING DROPPED INTO ABIG POT BY A CANNIBAL	256	JULY 1985	PAGE 10
GEEEN	PLASTIC MAN GIVING A GUY ON THE 32ND FLOOR THE FINGER	210	OCT 1979	PAGE 23
GIGAZING	TROWLING WET CEMENT	190	APR 1977	PAGE 48
GING	GENTEEL BEN LOOKING AT FEMALE BEAR	122	OCTOBER 1968	PAGE 8
GING GEEEN	IV'S STRETCHING	243	DEC 1983	BACK COVER
GING GING	VIOLIN STRING	136	JULY 1970	PAGE 13
GING GING	WORM BEING STRETCHED	147	DEC 1971	PAGE 11
GING GING	JACK-IN-A-BOX COMING OUT OF A COFFIN	213	MARCH 1980	PAGE 16
GING GING	JACK-IN-A-BOX COMING OUT OF A PERSON	231	JUNE 1982	BACK COVER
GING GING	BOW BEING PULLED	250	OCT 1984	BACK COVER
GING GING	SPRING	272	JULY 1987	PAGE 14
GING GING, THWAT	SCHOOLBOY STRETCHING A RUBBER BAND SLINGSHOT AND THEN FIRING AND HITTING CURVY TEACHER'S BUTT	244	JAN 1984	PAGE 23
GING GOYNG	MASK FLYING OFF FACE	87	JUNE 1964	PAGE 10
GING POING SWAP ZIT SHTIK FLIK GLUT	FROG CATCHING FLY	118	APR 68	14-15
GISHKLORK	KING KONG STEPPING ON SOMEBODY	262	APRIL 1986	PAGE 22
GISHKLURK	SOUP PARTING AS DONE BY MOSES	186	OCT 1976	PAGE 15
GLADINK BZZZT KLADWAK SPROINK FWAK KAZIK	VENDING MACHINE DELIVERING FRESH MILK	206	APR 1979	PAGE 48
GLANGADANG GALOON GLONG GADONG	WEDDING BELLS	177	SEPT 1975	INSIDE FRONT COVER
GLANK	STICK AGAINST HEAD	153	SEP 1972	PAGE 18
GLAWK!	BIRD BEING FORCE FED BIRD VITAMINS	180	JAN 1976	PAGE 22
GLEET-GLEET	INDIANS MAKING NOISES	121	SEPTEMBER 1968	PAGE 14
GLIK GLIK GLIK GLIK	WATER BAG LEAKING	126	APRIL 1969	PAGE 13
GLIKA-GLIKA	INDIANS MAKING NOISES	121	SEPTEMBER 1968	PAGE 14
GLINK	WORM POPPING OUT OF GROUND	147	DEC 1971	PAGE 11
GLINK	FLYING TOENAIL LANDING IN CAN OF BEER	162	OCT 1973	PAGE 39
GLINK	WALK LIGHT CHANGING	195	DEC 1977	PAGE 31
GLINK	MANIAC BOY PULLS WING OFF FLY	SPECIAL #23	1977	BONUS INSERT STICKERS
GLINK	WATER FALLING INTO A TIN CUP	237	MARCH 1983	PAGE 27
GLINK	SINGLE RAINDROP	184	JUL 1976	PAGE 15
GLINK PLINK GLUNK DINK	SEVERAL RAINDROPS	184	JUL 1976	PAGE 15
GLIP SHPIKKLE GLUP GAPLORK SHLIPP SPLOP GLIT PLOBBLE SHLORP GLOOP BLOP SKLOP SHLURP PLIPPLE SLOTCH SHLOOP	A BOWL OF SOUP	233	SEPT 1982	PAGE 21
GLISH GLUTCH YAK AWK GAROOF WEEOOOEEEOOO BLOOMBLOOM YAGGAK WHAP ROWR GROWR GURGLE GLUK	DOMESTIC MAYHEM AND CARNAGE INVOLVING A SMALL CHILD, HIS MOTHER, A DOG AND A POLICE OFFICER	242	OCT 1983	PAGE 48
GLIT	PULLING HAT FROM WET CEMENT	190	APR 1977	PAGE 48
GLITCH	FOOT SQUASHES DOG POOP	SPECIAL #23	1977	BONUS INSERT STICKERS
GLIT GLIT GLIT	MAN DROPPING RAZOR BLADES INTO MOUTH	168	JULY 1974	PAGE 34
GLIT GLIT GLIT GLIT	OLIVE OYL EATING SPINACH	224	JULY 1981	PAGE 16
GLIT GLIT GLIT GLIT GLOYDOIP GLIT-GLIKITY GLIT GLONT	PATIENT FILLING AND EMPTYING I.V. BAG	104	JULY 66	PAGE 13
GLIT GLORT BLEEBLE DURP	DRIPPING TAP AND LICENCED PLUMBERS	185	SEPT 1976	PAGE 48
GLIT GLORT BLEEBLE DURP GLIT GLORT BLEEBLE DURP	DRIPPING FAUCET	SPECIAL #23	1977	BONUS INSERT STICKERS
GLOMP GLUKKLE SHLIK SHLORP GHOMP GLUNK GLIK SHTORK	LORD GREYSTROKE EATING RAVENOUSLY	250	OCT 1984	PAGE 14
GLOOCHLE GLOOCHLE GLUTCH	SCULPTOR MOLDING MAN'S FACE	229	MARCH 1982	PAGE 11
GLOODLE	HUMAN ORGAN MUSIC	273	SEPTEMBER 1987	PAGE 13
GLOOK	WOMAN REELING A TIRE OUT OF HUSBANDS' THROAT USING FISHING POLE	72	JULY 1962	PAGE 10
GLOOP	GOLF BALL HITTING WATER	125	MARCH 1969	PAGE 12
GLOOP	BABY WITH SPOON IN A BOWL	211	DEC 1979	PAGE 48
GLOOP (7 TIMES) GLUT	PATIENT EMPTYING I.V. BAG	104	JULY 66	PAGE 25
GLOOP GLOOP GLOOP GLOIP	PATIENT EMPTYING I.V. BAG	104	JULY 66	PAGE 13
GLOOP!	FLOWER BEING PULLED OUT OF SMALL ISLAND	83	DEC 1963	PAGE 27
GLOOT-GLOOT	INDIANS MAKING NOISES	121	SEPTEMBER 1968	PAGE 14
GLORP	BABY WITH SPOON IN A BOWL	211	DEC 1979	PAGE 48
GLUG GLUG GLUG GLUG	ISLAND SINKING INTO OCEAN	83	DEC 1963	PAGE 27
GLUK	KING KONG THROWING FOOD INTO MOUTH	198	APR 1978	PAGE 21
GLUK	TARZAN WITH HIS MOUTH STUFFED FULL	248	JULY 1984	PAGE 9
GLUK GLUK GLOOPLE SPLORT	BOY SUCKING DOWN DRINK FROM BOTTLE	179	DEC 1975	PAGE 11
GLUK GLUK GLUK GLUK	INDIAN DRINKING FIRE WATER	162	OCT 1973	PAGE 27
GLUK GLUK GLUK GLUK	POPEYE EATING SPINACH	224	JULY 1981	PAGE 16
GLUK!	POGO STICK FALLING DOWN MAN'S GULLET	67	DECEMBER 1961	PAGE 8
GLUKKLE	MAN EATING	268	JANUARY 1987	PAGE 42
GLUNK GLUNK GLUNK	DRINKING BEER	154	OCT 1972	PAGE 48
GLURKLE GLOOK GLORKLE GLUT	BOY SUCKING DRINK THROUGH STRAW IN BOTTLE	179	DEC 1975	PAGE 11
GLUT	MAN TOSSING WRENCH DOWN HIS THROAT	96	JULY 1965	PAGE 13
GLUT!	TONGUE LASHING	98	OCT 1965	PAGE 28
GOING	GENTEEL BEN LOOKING AT FEMALE BEAR	122	OCTOBER 1968	PAGE 8
GOING GADOING GADANG GLOING	CAR BOUNCING ON SPRINGS	180	JAN 1976	PAGE 21
GOOMA-DOOM	OIL TANKER EXPLODING	243	DEC 1983	PAGE 13
GORSHLE GUSH	WATER RUNNING FROM DIKE	184	JUL 1976	PAGE 48
GRAWK!!!	GAGGED MAN TRYING TO TALK	272	JULY 1987	PAGE 43
GREEDLE-GREEDLE	SNAKE CHARMER'S FLUTE	124	JANUARY 1969	PAGE 11
GRING	TELEPHONE RING	143	JUN 1971	PAGE 47
GROINK	MAN TURNING INTO A WEREWOLF	263	JUNE 1986	PAGE 12
GROWWWWMMM	CAR GROWLING ITS ARRIVAL	95	JUNE 1965	PAGE 29
GRRM	MOTORCYCLE IN DISTANCE	185	SEPT 1976	PAGE 11
GRROWN	MOTORCYCLE	185	SEPT 1976	PAGE 11
GRRR	JEEP RACING UP HILL	93	MAR 1965	PAGE 7
GRRRRRR...	ANGRY DOGS GRAWLING AT FIREMAN	219	DEC 1980	PAGE 12
GRUNCH GRUNCH GASHLIKT!	SCULPTOR PRESSING THUMBS INTO MAN'S HEAD	229	MARCH 1982	PAGE 11
GUKGUK	PEOPLE VOMITING	266	OCTOBER 1986	PAGE 48
GURN GURN GURN GURN GURN GURN GURN GURN	FLY REMOVER VENDING MACHINE WORKING	198	APR 1978	PAGE 48
GUWK	PEOPLE VOMITING	266	OCTOBER 1986	PAGE 48
GWAP	DOG BITTING WOMAN'S NOSE	246	APRIL 1984	PAGE 42
GYAAUGHT	PEOPLE VOMITING	266	OCTOBER 1986	PAGE 48
HAKKLE SLICE SHLURP BOIL RIP HAC CHOMP COOK EAT TEAR CHOMPITY-CHOMP, ETC	ROBINSON CRUSOE AND FRIDAY EATING FOOD AND EACH OTHER	75	DECEMBER 1962	PAGE 27
HAR HAR	LAUGHTER	261	MARCH 1986	PAGE 42
HEE-DE-HEE-HEE	LAUGHTER	261	MARCH 1986	PAGE 42
HEH HEH	LAUGHTER	261	MARCH 1986	PAGE 42
HIC HIC HIC HIC HIC HIC HIC HIC HIC HIC HIC HIC HIC	MAN WITH HICUPS	207	JUN 1979	PAGE 48
HIC!	HICK-UP	151	JUN 1972	PAGE 9
HM-M-M-M M M M M M M M M M M M	BARBERS' BUZZ CUTTER	76	JANUARY 1963	PAGE 48
HO HA	LAUGHTER	261	MARCH 1986	PAGE 42
HO-HUM	MAN YAWNING IN STREET	61	MARCH 1961	PAGE 9
HONK	SNAKE CHARMER'S FLUTE	124	JANUARY 1969	PAGE 11
HOOT	INDIANS MAKING NOISES	121	SEPTEMBER 1968	PAGE 14
HUFF...PUFF...HMMMM... AHHH...MMMMMM... HUFFA...PUFFA...GASP!	A SEA SHELL	226	OCT 1981	PAGE 16
HUFFLE-PUFFLE	DRACULA BREATHING WHILE RUNNING	213	MARCH 1980	PAGE 14
HUSH	INDIAN RUNNING THROUGH WOODS	121	SEPTEMBER 1968	PAGE 14
HUSHLE	INDIAN RUNNING THROUGH WOODS	121	SEPTEMBER 1968	PAGE 14
ING DING DING DING DIN	GENTEEL BEN LOOKING AT FEMALE BEAR	122	OCTOBER 1968	PAGE 8
INKLE-KLINK	A QUARTER BEING DEPOSITED INTO A MACHINE	255	JUNE 1985	PAGE 48
JUGARUM	INDIANS MAKING NOISES	121	SEPTEMBER 1968	PAGE 14
KABOOMM	FIVE STEEL FOUNDRY TOURISTS POUNDED BY A STEEL MOLD POUNDER	62	APRIL 1961	PAGE 11
KACHOO! KACHAAH! KASH SLAPTH!	LAB ASSISTANT SNEEZING	73	SEPTEMBER 1962	PAGE 15
KACHUGH! CHUH!	TRAIN ENGINE	68	JANUARY 1962	PAGE 8
KACHUNK	PRINCE JUMPING ONTO RAPUNZEL'S HAIR	129	SEPTEMBER 1969	PAGE 13
KACHUNK	PRINCE JUMPING ONTO RAPUNZEL'S HAIR	129	SEPTEMBER 1969	INSIDE FRONT COVER
KACHUNK	CANNON EXPELLING CANNONBALLER SUIT	177	SEPT 1975	PAGE 48
KACHUNK GING PSSSSH	VENDING MACHINE IRONING AN OLD LADY	203	DEC 1978	PAGE 48
KACHUNK KKKSH	TYPIST KNOCKING COMPUTER TERMINAL OFF DESK	258	OCT 1985	PAGE 24
KACHUNK SHOOK SHOOK SHOOK SHOOK	PRINCE CLIMBING RAPUNZEL'S HAIR	129	SEPTEMBER 1969	PAGE 13
KACHUNK SHOOK SHOOK SHOOK SHOOK	PRINCE CLIMBING RAPUNZEL'S HAIR	129	SEPTEMBER 1969	PAGE 38
KACHUNKA	CROP DUSTER	263	JUNE 1986	PAGE 35
KACHUNK-KACHUNKA KACHUNK-KACHUNK KA-BONG	MAN DUNKED INTO A CAKE BAKING MACHINE AND POPPING OUT AS A BAKED CAKE	65	SEPTEMBER 1961	8-9
KAHEEEE	INDIANS ON THE WARPATH	121	SEPTEMBER 1968	PAGE 15
KAKKAKKAKAK	WEDDING PARTY SHOOTING BOUQUET	265	SEPTEMBER 1986	PAGE 40
KAKROOSH	TREE FALLING	131	DECEMBER 1969	PAGE 48
KALLOON	AIRBOAT	122	OCTOBER 1968	PAGE 9
KAPF KAPF KAHIKF KOFF KAHAK KAPF GAK GAHAK	HEAVY COUGHING	175	JUNE 1975	PAGE 21
KAPLAK-KAK PLOOF BARRAMM SPA-DOW BLUKA BLUKA KAKA-SPLAK BLORT SPAP PLORF GADOON BLUT BLUT BLUT	BURPING	154	OCT 1972	PAGE 48
KAPOOOSHSHISH	TREE COLLAPSING ON LITTLE PAIGE	250	OCT 1984	BACK COVER
KARRAK FIZZITZ POW	LIGHTENING HITTING A PERSON	195	DEC 1977	PAGE 47
KASHOOK KASHOOK KASHOOK	MAFIA INFORMANT SHEFFLING ALONG IN SOME CUSTOME MADE CEMENT SHOES	248	JULY 1984	PAGE 48
KASHPRITZA	BUG SPRAY	144	JUL 1971	PAGE 40
KATOOF	FLARE GUN	215	JUNE 1980	11-48
KATOONG	MAN ESCAPING FROM THE DUNGEON	261	MARCH 1986	PAGE 42
KATOONK	PEOPLE HITTING HIJACKER	264	JULY 1986	PAGE 36
KATY-DID	INDIANS MAKING NOISES	121	SEPTEMBER 1968	PAGE 14
KATY-DIDN'T	INDIANS MAKING NOISES	121	SEPTEMBER 1968	PAGE 14
KAWK	MAN CHOKING	268	JANUARY 1987	PAGE 42
KAZASH	TELEVISION HITTING THE CEILING	261	MARCH 1986	PAGE 21
KAZOP!	AIRBOAT	122	OCTOBER 1968	PAGE 9
KCHGGHCK	GENTEEL BEN GETTING FRAMED	122	OCTOBER 1968	PAGE 11
K-CHOOK	ELEVATOR DOOR CLOSING	72	JULY 1962	PAGE 37
KERACKK!	LIGHTNING	133	MARCH 1970	PAGE 15
KIKATIK	INDIANS MAKING NOISES	121	SEPTEMBER 1968	PAGE 14
KING DING PLINK	ZOO KEEPER DROPPING KEY	111	JUNE 67	PAGE 35
KIPF KAPF KOFF KOFF	MODERATE COUGHING	175	JUNE 1975	PAGE 21
KIPF KIPF	LIGHT COUGHING	175	JUNE 1975	PAGE 21
KISS KISS KISS KISS	MAN KISSING SAND	138	OCTOBER 1970	PAGE 11
KISS KISS KISS KISS	KING KONG KISSING THE STATUE OF LIBERTY	262	APRIL 1986	PAGE 24
KITTOONG, SHKLUNK	BRAIN THROWN INTO FRANKENSTIEN'S HEAD LIKE A BASKETBALL	242	OCT 1983	BACK COVER
KKCHK CRACKLE CRUNCH	WALLPAPER UNROLLING WITH WALL ATTACHED	112	JULY 67	PAGE 32
KKCHK FEW	BRICKLAYERS FALLING OF SCAFFOLDING WITH BRICKS	106	OCT 66	PAGE 48
KKKKKKKKKKKK	TREE FALLING	131	DECEMBER 1969	PAGE 48
KKKSH	BRICK THROWN THROUGH A WINDOW	244	JAN 1984	PAGE 48
KKKSSH	SUPERMAN CRASHING THROUGH A WALL	208	JUL 1979	PAGE 17
KLAK	FALSE TEETH CATCHING GOLF BALL	125	MARCH 1969	PAGE 13
KLAK	MOVIE SCENE STARTER	140	JANUARY 1971	PAGE 11
KLAK	MOVIE CLAPBOARD	140	JAN 1971	PAGE 11
KLAK	BANK ROBBER PULLING OPEN A SAFE	222	APRIL 1981	PAGE 48
KLAK KLAK KLAK KLAK	HITTING TWO SMALL ROCKS TOGETHER	153	SEP 1972	PAGE 18
KLAK-KLAK CLATTER-CLATTER GLIKLE KLIK KLAK GLAKKLE	TIN CANS FALLING DOWN	115	DEC 67	PAGE 13
KLAKKLE	TELEPHONE FALLING	272	JULY 1987	PAGE 43
KLANG	WATER SKIER'S HEAD HITTING DRAW BRIDGE	74	OCTOBER 1962	PAGE 15
KLANG	WATER SKIER'S HEAD HITTING ARMORED TRUCK	74	OCTOBER 1962	PAGE 16
KLANG	A CANNONBALL FALLING ON THROWER'S HEAD	83	DEC 1963	PAGE 12
KLANG	HIPPIE HITTING HEAD ON STOVE	116	JAN 68	PAGE 14
KLANG BANG KALOONG KLONG	METAL BEING STRUCK BY HAMMER	191	JUN 1977	BACK COVER
KLANG KLANG KLANG	MAN BEATING A RADIATOR WITH A HAMMER	238	APRIL 1983	PAGE 15
KLANK	METAL HEAD TRAP	261	MARCH 1986	PAGE 42
KLANK FUSHSHKLORK	CEMENT TRUCK	260	JANUARY 1986	PAGE 12
KLIK	THIEF TURNING ON LIGHT	101	MAR 66	PAGE 48
KLIK	AIRBOAT	122	OCTOBER 1968	PAGE 9
KLIK	VIDEO GAME GUN JAMMING	148	JAN 1972	PAGE 18
KLIK	BUTTON ON VARIOUS POWER TOOLS	156	JAN 1973	18-19
KLIK	TOENAIL BEING CLIPPED	162	OCT 1973	PAGE 39
KLIK	PRESSING A BUTTON	196	JAN 1978	PAGE 44
KLIK	MAN COCKING HIS PISTOL	216	JULY 1980	PAGE 17
KLIK	LADY TURNING OFF A LAMP	221	MARCH 1981	PAGE 16
KLIK	BANK ROBBER TURNING HANDLE ON A SAFE	222	APRIL 1981	PAGE 48
KLIK	REMOTE CONTROL	261	MARCH 1986	PAGE 21
KLIK KLAK	CANNON BOLT ACTION	177	SEPT 1975	PAGE 48
KLIK KLAK	MONITOR BEING ADJUSTED	243	DEC 1983	BACK COVER
KLIK KLAK GRAK THAK	MAN FOLDING UP BEACH TABLE	144	JUL 1971	PAGE 23
KLIK KLAK KLIK KLAK	MAN WALKING ACROSS "WATER"	233	SEPT 1982	BACK COVER
KLIK KLAK, ZIK KAZAK, PLOIP	PRIZON INMATE BEING TAKEN OUT OF THE ELECTRIC CHAIR	259	DEC 1985	PAGE 25
KLIK KLIK	MAN TURNING A TELEVISION DIAL	238	APRIL 1983	PAGE 13
KLIK KLIK CHAKLAK	CASH REGISTER KEY PUSHING	173	MAR 1975	PAGE 11
KLIK KLIK KLIK	GUNS GETTING READY	195	DEC 1977	PAGE 15
KLIK KLIK KLIK	CROP DUSTER	263	JUNE 1986	PAGE 35
KLIK KLIK KLIK KLIK	CAPT. KIRK HITTING KEYES ON COMPUTER TERMINAL	251	DEC 1984	PAGE 31
KLIK PLUF KLIK PLUF	CINDERELLA RUNNING	195	DEC 1977	BACK COVER
KLIK VROOM SPOOSH	STARTING MODIFIED AIR CONDITIONER	180	JAN 1976	PAGE 22
KLIK-CHIKAKLAK CHAKLAK	CASH REGISTER KEY PUSHING	173	MAR 1975	PAGE 11
KLIK-KLIK-CHAKLIK	CASH REGISTER KEY PUSHING	173	MAR 1975	PAGE 11
KLIKRUNK GLINK CHAKUNK	MAN PUTTING MONEY INTO VENDING MACHINE	198	APR 1978	PAGE 48
KLIK-SPROING	APE UNLOCKING TOP OF ITS HEAD	111	JUNE 67	PAGE 35
KLINGDINGGOON	ELECTRIC FAN CHOPPING PEOPLES NOSE OFF	113	SEPT 67	PAGE 17
KLINK	A BOWL PURPOSELY TAPPED TO BREAK	81	SEPT 1963	PAGE 48
KLINK	MAN SNAPPING CHAINS OF SHACKLES	199	JUN 1978	PAGE 11
KLINK	MAN PUTTING MONEY INTO VENDING MACHINE	206	APR 1979	PAGE 48
KLINK GALINK	INSERTING COINS INTO MACHINE	199	JUN 1978	PAGE 48
KLINK GALINK	MAN PUTTING MONEY INTO VENDING MACHINE	207	JUN 1979	PAGE 48
KLINK GLINK	MAN PUTTING MONEY INTO VENDING MACHINE	202	OCT 1978	PAGE 42
KLINK GLINK GLUNK	DUTCH BOY PUTTING MONEY INTO VENDING MACHINE	204	JAN 1979	PAGE 39
KLINK KLINK KLINK KLINK	PRISONER CHIPPING OUT PRISON CELL BRICK	176	JULY 1975	PAGE 14
KLINK KLUNK GADINK	MONEY BEING INSERTED INTO VENDING MACHINE	192	JUL 1977	PAGE 11
KLINK! KLINK! KLINK!	SAFECRACKERS	59	DECEMBER 1960	PAGE 15
KLINKADINK	COIN BEING DEPOSITED IN A  TELL YOUR FORTUNE MACHINE	252	JAN 1985	PAGE 48
KLOINK	DRACULA CRASHING INTO A STATUE	213	MARCH 1980	PAGE 16
KLOMP	SQUASHED INDIAN FALLING OUT OF A TEE PEE	61	MARCH 1961	PAGE 48
KLOMP	BUTLER FALLING FROM CEILING	69	MARCH 1962	PAGE 26
KLOMP	SPIDERMAN CRASHING INTO A BUILDING	212	JAN 1980	PAGE 13
KLONK	COP GETTING HIT IN WITH PIPE	101	MAR 66	PAGE 48
KLOOBADA DOOBADA KLOOBADA DOOBADA	CLARK KENT CHANGING TO SUPERMAN IN A WASHING MACHINE BECAUSE THE PHONE BOOTH WAS BUSY	210	OCT 1979	PAGE 22
KLOON	AIRBOAT	122	OCTOBER 1968	PAGE 9
KLOON	ROCK AGAINST HEAD	153	SEP 1972	PAGE 18
KLOONK KA- DOONK	BLIND MAN AND SEEING EYE DOG WALKING INTO POLE	181	MAR 1976	PAGE 15
KLOOONN	SAFE DOOR FALLING ON A BANK ROBBER	222	APRIL 1981	PAGE 48
KLUK GAZOONT BLAM BLAM	AUTOMATIC PEST KILLER SHOOTING WOMAN	199	JUN 1978	PAGE 48
KLUK KLUK KLUK KLUK	MAN DRINKING MOONSHINE	133	MARCH 1970	PAGE 44
KLUMP	WARDEN TAME RUNNING	122	OCTOBER 1968	PAGE 9
KLUMP KLUMP KLUMP KLUMP KLUMP KLUMP KLUMP KLUMP	BARTENDER RUNNING ACROSS THE FLOOR	206	APR 1979	BACK COVER
KLUNK	HORSE TRIPPING ON ROCK	127	JUNE 1969	INSIDE FRONT COVER
KLUNK	STICK FALLING ON GROUND	146	OCT 1971	PAGE 21
KLUNK	CAR HITTING BUS	198	APR 1978	BACK COVER
KLUNK	MAN'S HEAD HITTING A SIDEWALK	203	DEC 1978	PAGE 11
KLUNK	CAN OF SPINACH FALLING ON FLOOR	224	JULY 1981	PAGE 14
KLUPADA KLUPADA	GALLOPING HORSE	257	SEPT 1985	PAGE 42
KNOCK KNOCK KNOCK	SOMEONE KNOCKING ON A DOOR	194	OCT 1977	BACK COVER
KOOKOOK KOOKOOK	MAN IN A DAZE AFTER HAVING TOOTHED KNOCKED BACK INTO PLACE	86	APRIL 1964	PAGE 36
KOONG	MAN GETTING HIT IN HEAD WITH WHEELBARROW FULL OF CEMENT	110	APR 67	PAGE 42
KOPF GAHOFF PUFF KAPF	MAN COMING UP FOR AIR IN DIKE	184	JUL 1976	PAGE 48
KRAK	DEMOLITION WRECKING BALL SWINGING INTO PEDESTRIAN'S HEAD	70	APRIL 1962	PAGE 37
KRAK	WHITE MAN RUNNING THROUGH WOODS	121	SEPTEMBER 1968	PAGE 14
KRAK	LARGE ROCK AGAINST STOUT STICK	153	SEP 1972	PAGE 18
KRAK	GORILLA ADJUSTING BABY' TARZAN'S BACK	250	OCT 1984	PAGE 12
KRAK	WEDDING PARTY SHOOTING BOUQUET	265	SEPTEMBER 1986	PAGE 40
KRAKKLE KRAK	CASEY CRACKING HIS KNUCKLES	258	OCT 1985	PAGE 30
KRAKLE	WHITE MAN RUNNING THROUGH WOODS	121	SEPTEMBER 1968	PAGE 14
KRASH	FROZEN PATIENT BREAKING INTO BITS OF ICE ON FLOOR	73	SEPTEMBER 1962	PAGE 17
KRASH	WHITE MAN RUNNING THROUGH WOODS	121	SEPTEMBER 1968	PAGE 14
KRASH	ROCK HITTING GROUND	188	JAN 1977	PAGE 21
KREEK KREEK	CLOTHES LINE BEING PULLED	232	JULY 1982	PAGE 29
KREEK KREEK CLANK CLANK	PHANTOM YACHT ADRIFT AT SEA	99	DEC 1965	PAGE 43
KRIDIT-KRIDIT	INDIANS MAKING NOISES	121	SEPTEMBER 1968	PAGE 14
KRIK	INDIANS MAKING NOISES	121	SEPTEMBER 1968	PAGE 14
KRIK-KRIKIT	INDIANS MAKING NOISES	121	SEPTEMBER 1968	PAGE 14
KRUGAZUNCH	TWO LIFEBOATS COLLIDING	259	DEC 1985	PAGE 9
KRUNCH	CRACKING NUTS	158	APR 1973	PAGE 19
KRUNCH	CAPT. KIRK BREAKING OFF ONE OF THE ARMS TO HIS CHAIR ON THE BRIDGE	251	DEC 1984	PAGE 32
KRUNCH KRAK KRARKLE CHOMP	MAN CHEWING GLASS	168	JULY 1974	PAGE 34
KRUNCHLE KRAKLE SHKLINK SKROTCH	MAN CHEWING GLASS	168	JULY 1974	PAGE 34
KSSHFWOOM	PARACHUTER CRASHING THROUGH BUILDING ROOF	230	APRIL 1982	PAGE 9
KSSSH	BARBER CHAIR GOING THROUGH ROOF WITH MAN IN IT	103	JUN 66	PAGE 13
KUK	MAN CHOKING	268	JANUARY 1987	PAGE 42
KWAPP!	BOXER HITTING PUNCHING A GUY'S HEAD (APPEARS TO BE PUNCHING BAG)	187	DEC 1976	PAGE 18
KWEEE	MAN'S HAIR STANDING ON END	201	SEP 1978	PAGE 15
KWEEK! KWEEK!	NOSTRILS FLARING	98	OCT 1965	PAGE 28
KWOIP	POPEYE'S OTHER EYE POPPING OUT	210	OCT 1979	PAGE 21
KWONG	MAN BEING HIT IN EYE FROM WRECKING BALL	214	APRIL 1980	PAGE 13
KWONK	MAN BEING HIT ON HEAD WITH STICK	197	MAR 1978	PAGE 11
KWONK	MARY WORTH GETTING PUNCHED OUT FOR NOT MINDING HER OWN BUSINESS	210	OCT 1979	PAGE 21
KWOP	WOMAN CATCHING BOUQET	265	SEPTEMBER 1986	PAGE 33
LAFLATCH	HUMAN ORGAN MUSIC	273	SEPTEMBER 1987	PAGE 13
LEDDLE	HUMAN ORGAN MUSIC	273	SEPTEMBER 1987	PAGE 13
MAMP,SPWAT,TOK	CANNIBALS PELTING EACH OTHER WITH HUMAN BODY PARTS	242	 OCT 1983	PAGE 35
MAP-MAP	ANT BOXING COWS UDDER	101	MAR 66	PAGE 26
MCPWAF	SUPERMAN TRYING TO CATCH A SAFE LOADED WITH KRYPTONITE	210	OCT 1979	PAGE 20
MMMMM... SMACK	WOMAN KISSES COOKED FROG LEG	167	JUNE 1974	PAGE 19
MMMMMMMM	TAPE MEASURE RETURNING	156	JAN 1973	PAGE 19
MMMP, AARH, GA-SHLOIP	LUKE REMOVING HIS MASK	243	DEC 1983	PAGE 41
MMP ARG ECK	MAN TIED UP STRUGGLING TO PHONE	193	SEP 1977	PAGE 11
MMP!	GAGGED MAN TRYING TO TALK	272	JULY 1987	PAGE 43
MMPH!	GAGGED MAN TRYING TO TALK	272	JULY 1987	PAGE 43
MOWM	ATOMIC BLAST	238	APRIL 1983	PAGE 15
MUFFLE	INDIAN RUNNING THROUGH WOODS	121	SEPTEMBER 1968	PAGE 14
NNYEEOWNNT	HAGER THE HORRIBLE SITTING ON HIS VIKING HELMET	210	OCT 1979	PAGE 22
NOK NOK NOK NOK	SALESMAN KNOCKING ON A DOOR	218	OCT 1980	PAGE 39
NOT-A-SOUND	INDIAN RUNNING THROUGH WOODS	121	SEPTEMBER 1968	PAGE 14
OGGOCK	INDIANS GETTING SHOT	121	SEPTEMBER 1968	PAGE 15
OGH!	INDIANS GETTING SHOT	121	SEPTEMBER 1968	PAGE 15
ONNNNNGHK FWEEEEEEEEE	HUSBAND SNOREING	106	OCT 66	PAGE 13
OOF!	INDIANS GETTING SHOT	121	SEPTEMBER 1968	PAGE 15
OOGA	SNAKE CHARMER'S FLUTE	124	JANUARY 1969	PAGE 11
OOH	INDIANS GETTING SHOT	121	SEPTEMBER 1968	PAGE 15
OOMP DOOMP	MEATBALL BOUNCING	88	JULY 1964	PAGE 8
OONK OONK BLEEP	BUSY CITY HORNS	164	JAN 1974	PAGE 33
OOOH	INDIANS GETTING SHOT	121	SEPTEMBER 1968	PAGE 15
OOOKK! AWK!	MAN HAVING HEART ATTACK	53	MARCH 1960	PAGE 48
OOOOOOIIIIIIYYYYY!	SANTA CLAUS MOANING	132	JANUARY 1970	PAGE 33
OOT	SNAKE CHARMER'S FLUTE	124	JANUARY 1969	PAGE 11
PADAP PADAP PADAP, KADOONK	PRIZON GUARD DRIBBLING THEN SLAM DUNKING MEATLOAF INTO A PRIZONER'S MOUTH	249	SEPT 1984	BACK COVER
PAF	CIGAR EXPLODING IN MENDICANT'S FACE	71	JUNE 1962	PAGE 26
PAF	FROG BECOMING PRINCE	91	DEC 1964	PAGE 19
PAF	FROG LEGS MATERIALIZING INTO HUMAN LEGS	167	JUNE 1974	PAGE 19
PAF	FROG BECOMING PRINCE	177	SEPT 1975	INSIDE FRONT COVER
PAF	FROG TURNING INTO PRINCE	180	JAN 1976	INSIDE FRONT COVER
PAF	FROG TURNING INTO A PRINCE	196	JAN 1978	BACK COVER
PAF	FROG TURNING INTO A PRINCE	200	JUL 1978	BACK COVER
PAF	PRINCE TURNING INTO A FROG	200	JUL 1978	BACK COVER
PAF	FROG TURNING INTO A PRINCE	202	OCT 1978	BACK COVER
PAF	MAN CHANGING INTO A WOMAN	208	JUL 1979	PAGE 42
PAF	BAT TURNING INTO DRACULA	213	MARCH 1980	PAGE 14
PAF	FRONG TURNING INTO A PRINCE	220	JAN 1981	BACK COVER
PAF	FROG TURNING INTO A HANDSOME PRINCE	247	JUNE 1984	BACK COVER
PAF TOOONG	FROG TURNING INTO PRINCE WHILE HITTING HEAD ON GATE	185	SEPT 1976	INSIDE FRONT COVER
PAK POW	COUGHING TRUCK ENGINE	95	JUNE 1965	PAGE 29
PAM	HITCHHIKER SELF INFLATING SELF UNTIL HE BURSTS	69	MARCH 1962	PAGE 48
PAT PAT PAT PAT	MOTHER PATTING A BABY'S HEAD	187	DEC 1976	PAGE 11
PAT PAT PAT PAT	BABY PATTING A RATTLE	187	DEC 1976	PAGE 11
PATWANG, FWEEEE	BRANCH SPRINGING BACK, THEN  FLINGING BABY TARZAN AWAY	250	OCT 1984	PAGE 13
PATWEEEE	WEDDING PARTY SHOOTING BOUQUET	265	SEPTEMBER 1986	PAGE 40
PBLRBLPSFT	THE KING OF ID RECEIVING AN OVATION FROM HIS SUBJECTS	210	OCT 1979	PAGE 21
PFFFT-FRACK!	WILD GAME CALL	127	JUNE 1969	PAGE 17
PFFFT-FRACK!	STRANGE BIRD	127	JUNE 1969	PAGE 17
PFLAP	WOMAN HOLDING PAPER	119	JUN 68	PAGE 48
PHLAKFFA	HUMAN ORGAN MUSIC	273	SEPTEMBER 1987	PAGE 13
PHOOM	KING KONG STEPPING INTO A TRAIN CAR	262	APRIL 1986	PAGE 23
PHOON	WEDDING PARTY SHOOTING BOUQUET	265	SEPTEMBER 1986	PAGE 40
PHOOO PHOOO	INDIAN BLOWING ONTO FIRE	181	MAR 1976	PAGE 48
PHWAM	MAN SLAMMING RECEIVER ON TELEPHONE	266	OCTOBER 1986	PAGE 9
PIK PIK PIK	MAN KNOTCHING DOOR FRAME	216	JULY 1980	PAGE 17
PING (18 TIMES OVER FOUR PANELS)	PIMPLES POPPING	167	JUNE 1974	PAGE 48
PING THWAP	AN EXTENSION ARM LAUNCHED BOXING GLOVE HITTING A DOCTOR IN THE FACE	70	APRIL 1962	PAGE 9
PINK	JANE FLICKING AWAY BUG FROM HER HAIR	228	JAN 1982	PAGE 10
PITOOIE	WOMAN SPITTING OUT BIRD CALL	217	SEPT 1980	PAGE 42
PITTOO TFFP THOOO THAFF PITTOOIE	SEVERAL PEOPLE SPITTING	184	JUL 1976	PAGE 16
PITTOOIE	GIANT MAN SPITTING OUT BONE	172	JAN 1975	PAGE 29
PITTWEEN SPLATCH THORK BLOOF THLIK GLITCH GLUTCH PITTWOON PLAF PLOOF SPLITCH THUK THAP PLOOP	BULLET RICHOCHEYING OFF CEILING, THROUGH SIX HEADS, OFF A WALL, THEN THROUGH SIX MORE HEADS	189	MAR 1977	PAGE 11
PLABLABLABLAB	THE BATMOBILE WITH A FLAT TIRE	210	OCT 1979	PAGE 21
PLABLABLABLABL	BUCKET ROPE RELEASING	98	OCT 1965	PAGE 12
PLAK	TEETH HITTING GREEN	125	MARCH 1969	PAGE 13
PLAK DAK THUK FRIT	MAN FOLDING BEACH CHAIR	144	JUL 1971	PAGE 23
PLAM	SOMEONE SHOOTING THEMSELVES	256	JULY 1985	PAGE 42
PLAM	RIFLE	264	JULY 1986	PAGE 13
PLAM	WEDDING PARTY SHOOTING BOUQUET	265	SEPTEMBER 1986	PAGE 40
PLAM PLAM	GUN FIRING	97	SEPT 1965	PAGE 48
PLAP	AN EXTENSION ARM LAUNCHED BOXING GLOVE HITTING A DOCTOR IN THE FACE	70	APRIL 1962	PAGE 9
PLAP	ROBIN HOOD HITTING OPPOSITE SIDE OF A STREAM WITH A STICK	71	JUNE 1962	PAGE 28
PLAP PLAP PLAP PLAP	GENTEEL BEN'S WINDOW SHADE SKIN FLAP	122	OCTOBER 1968	PAGE 11
PLAPF	MAN ESCAPING FROM THE DUNGEON	261	MARCH 1986	PAGE 42
PLINK (8 TIMES)	BRICKLAYERS STACKING BRICKS	106	OCT 66	PAGE 48
PLINK PLINK	A QUARTER BEING BOUNCED ON THE GROUND	246	APRIL 1984	PAGE 17
PLINK PLINK PLONK	MAN PICKING TIN CANS FROM PILE	115	DEC 67	PAGE 13
PLOIP	DOCTOR PULLING KIDNEY OUT OF BODY	131	DECEMBER 1969	PAGE 26
PLOIP	MAN PULLING BIRD OUT OF HIS MOUTH	217	SEPT 1980	PAGE 42
PLOIP!	REMOVING MASK	154	OCT 1972	PAGE 21
PLOOM	WEDDING PARTY SHOOTING BOUQUET	265	SEPTEMBER 1986	PAGE 40
PLOOMPLOOMPLOOM	WEDDING PARTY SHOOTING BOUQUET	265	SEPTEMBER 1986	PAGE 40
PLOOSH FLAPF	BLOWING KISS PARTIALLY BLOCKED BY FOOD	95	JUNE 1965	PAGE 28
PLOP	BOWL BEING PLACED ON MAN'S HEAD	81	SEPT 1963	PAGE 48
PLOP	FLYING HAT LANDING ON GROUND	177	SEPT 1975	PAGE 14
PLOP	A HAT THROWN DOWN ON THE GROUND	246	APRIL 1984	PAGE 28
PLOP PHELOP	PEOPLE DROPING FROM SMELL OF GENERAL'S ARMPITS	204	JAN 1979	PAGE 17
PLORK	BIRD FEEDING A BABY BIRD	211	DEC 1979	PAGE 23
PLORK BLUT	BULLETS HITTING YECCH MONSTER	164	JAN 1974	PAGE 30
PLORTCH	SWORD BEING PUSHED INTO SIR ALBERT'S BUTT	227	DEC 1981	PAGE 25
PLUNK	GENTEEL BEN PUSHING HIS BELLY BUTTON	122	OCTOBER 1968	PAGE 11
PLUNK	MAN PUTTING CLAM IN POCKET	130	OCTOBER 1969	PAGE 10
PLUNK	PATIENT GETTING GASSED	110	APR 67	PAGE 10
PLUNK (4 TIMES)	BRICKLAYERS STACKING BRICKS	106	OCT 66	PAGE 48
PLUNK SPLOOSH SPLASH	COIN HITTING WATER IN WISHING WELL	131	DECEMBER 1969	PAGE 8
PLURP	BUCKET RAISING OUT OF WELL WATER	98	OCT 1965	PAGE 12
POFFISSS	STICKING PIN INTO INFLATABLE PLASTIC HUMAN	189	MAR 1977	PAGE 42
POING	BELT UNDOING AS BUCKLE POPS OFF	77	MARCH 1963	PAGE 35
POING	FLARE GUN	215	JUNE 1980	PAGE 39
POING GEEN GEEN	FLARE GUN FROM A SHIP	215	JUNE 1980	PAGE 39
POING POING POING	POGO STICK	67	DECEMBER 1961	PAGE 8
POING THUK!	FRIAR TUCK SHOT IN THE HEAD BY AN ARROW	71	JUNE 1962	PAGE 25
POING THUK! PINK	SHOOTING MESSAGES BY ARROW AND BOW STRING SNAPS	71	JUNE 1962	PAGE 25
POING!	HORSE JUMPING	56	JULY 1960	PAGE 48
POINK	PIN PLUCKING FROM PIN CUSHION	91	DEC 1964	PAGE 26
POINK	BARBER CHAIR LEVER BEING PULLED	103	JUN 66	PAGE 13
POINK	FRAME GETTING PULLED OFF THE WALL	122	OCTOBER 1968	PAGE 11
POINK!	DART HITTING BOY'S FOREHEAD	59	DECEMBER 1960	PAGE 48
POIT	ROBINSON CRUSOE PULLING A SEA SHELL OUT OF HIS EAR	75	DECEMBER 1962	PAGE 27
POIT	LARGE BOOB POPS OUT OF BRA	SPECIAL #23	1977	BONUS INSERT STICKERS
POIT	EYE BEING RELEASED FROM VACUUM	89	SEPT 1964	PAGE 48
POIT	KID PULLING EARPHONE OUT OF EAR	114	OCT 67	PAGE 9
POIT	REMOVING CORK FROM BOTTLE	183	JUN 1976	PAGE 42
POIT!	WOMAN PULLING COAT HANGER OUT OF MAN'S MOUTH	52	JANUARY 1960	PAGE 48
POIT!	FAT WOMAN'S BOTTOM DISLODGING FROM ESCALATOR TOP STEP AND RAIL	68	JANUARY 1962	PAGE 44
POIT, DOIT DIT	THREE NEWSANCHOR'S TAKING THEIR EARPIECES OUT	254	APRIL 1985	PAGE 36
POP	MAN USING ANOTHER MAN'S NOSE AS A BOTTLE OPENER	54	APRIL 1960	PAGE 48
POP	DREAM BALLOON POPPING	84	JAN 1964	PAGE 14
POP	SPY PULLING POISON PIN FROM CIGARETTE	106	OCT 66	PAGE 24
POP!	VIDEO GAME GUN FIREING	148	JAN 1972	PAGE 18
POP---SPROING-GING	WILD GAME CALL	127	JUNE 1969	PAGE 17
POP---SPROING-GING	STRANGE BIRD	127	JUNE 1969	PAGE 17
POW	MOTORCYCLE JUMPING RAMP	185	SEPT 1976	PAGE 12
PRAWK!!!	GAGGED MAN TRYING TO TALK	272	JULY 1987	PAGE 43
PSSSH	VERY LARGE SPRAY CAN EMITTING GAS	180	JAN 1976	PAGE 22
PUTT	AIRBOAT	122	OCTOBER 1968	PAGE 9
PWADAK	SKATEBOARD CRASHING	274	OCTOBER 1987	PAGE 12
PWAM	ATOMIC BLAST FROM HUNDREDS OF MILES AWAY	238	APRIL 1983	PAGE 14
PWANG	FRYING PAN BOUNCES OFF AND FLATTENS FACE	SPECIAL #23	1977	BONUS INSERT STICKERS
PWEEN	WEDDING PARTY SHOOTING BOUQUET	265	SEPTEMBER 1986	PAGE 40
PWOF	PARACHUTE	267	DECEMBER 1986	PAGE 48
PWOING	WOMAN'S LEG, TIED TO AN ANVIL, BEING STRETCHED	78	APRIL 1963	PAGE 13
PWOK	MONKEY BEING HIT ON THE HEAD WITH A ROCK	250	OCT 1984	PAGE 12
PWOMPF	BLOCK OF DUNGEON WALL AND PRISONER FALLING TO GROUND	223	JUNE 1981	BACK COVER
QUACK-QUACK QUACK QUACK	DUCK	127	JUNE 1969	PAGE 17
QUACK-QUACK QUACK-QUACK	WILD GAME CALL	127	JUNE 1969	PAGE 17
QUIET	INDIAN RUNNING THROUGH WOODS	121	SEPTEMBER 1968	PAGE 14
QWACK WAAK WAAK	DUCK	141	MAR 1971	PAGE 39
RAH-OOOM	CAR SPEEDING AWAY	93	MAR 1965	PAGE 7
RATTLE	MAN ESCAPING FROM THE DUNGEON	261	MARCH 1986	PAGE 42
RAWGH	PEOPLE VOMITING	266	OCTOBER 1986	PAGE 48
RIP	HUMAN PHONE BOOK TEARING IN HALF	92	JAN 1965	PAGE 14
RIP	CIVIL WAR RANK PATCH TORN FROM UNIFORM	163	DEC 1973	PAGE 21
RIP	KING KONG RIPPING POSTS FROM PLATFORM	192	JUL 1977	PAGE 33
RIP	TARZAN LOSING LOIN CLOTH ON TREE BRANCH	211	DEC 1979	BACK COVER
RIP	SPIDERMAN RIPPING COSTUME	212	JAN 1980	PAGE 14
RIP RIP	MAN TURNING INTO A WEREWOLF	263	JUNE 1986	PAGE 12
RIP SLICE SHNIKKLE HAK	SURGERY	131	DECEMBER 1969	PAGE 26
RIP TEAR	BANNER TURNING INTO THE HULK	221	MARCH 1981	PAGE 16
RIP TEAR ARRGH GARRGH	BANNER TURNING INTO THE HULK	221	MARCH 1981	PAGE 14
RIPF	PARACHUTING FALLING	128	JULY 1969	PAGE 11
ROWM	TRUCK TAKING OFF QUICKLY	196	JAN 1978	PAGE 25
RRIP	TEARING MAGIC CARPET	161	SEPT 1973	PAGE 21
RRRRR	POLICE CAR SIREN	95	JUNE 1965	PAGE 30
RRRRREERRR	GENTEEL BEN LOOKING AT FEMALE BEAR	122	OCTOBER 1968	PAGE 8
RRRRRR	AMBULANCE SIREN	180	JAN 1976	PAGE 21
RUMBLE ROR FAGLORK SWOOSH	MOSES PARTS THE RED SEA	186	OCT 1976	PAGE 16
RUMBLE RUMBLE	FALLING ROCK	188	JAN 1977	PAGE 21
RUMBLE UMBLE RUMBLE	THUNDER STORM	195	DEC 1977	PAGE 47
RUMBOOM-BLOOMA DOOM BOOMA-ROOMBA	CHICKEN NESTS BOUNCING AROUND	103	JUN 66	PAGE 34
SAZZIKK	MAN DIALING TELEPHONE WITH HIS NOSE	272	JULY 1987	PAGE 43
SCHKLURT	PIZZA SPRINGING INTO FACE	88	JULY 1964	PAGE 9
SCHLAP	PATIENT'S HEAD BEING RETRACTED INTO SHOULDER	73	SEPTEMBER 1962	PAGE 14
SCHLEP	PATIENT'S ARM BEING RETRACTED INTO SHOULDER	73	SEPTEMBER 1962	PAGE 14
SCHLIP	PATIENT'S LEG BEING RETRACTED INTO HIP	73	SEPTEMBER 1962	PAGE 14
SCHLIT	WATER SPRAYING OUT OF PHONE	84	JAN 1964	PAGE 48
SCHLOOP	PATIENT'S ARM BEING RETRACTED INTO SHOULDER	73	SEPTEMBER 1962	PAGE 14
SCHLOOT	FLATTENED HUMAN BODY FOLDING	92	JAN 1965	PAGE 13
SCRAPE SCRAPE SCRAPE	HIPPIE SCRAPING BANANA PEEL INTO FRYPAN	116	JAN 68	PAGE 13
SHHH	INDIAN RUNNING THROUGH WOODS	121	SEPTEMBER 1968	PAGE 14
SHIF-SHAF SHABAMP MAMP SHOMPAH-BOMBAH DIMPAH MIMPAH FOMP-DABOMP! GADIFF-GADIFF GADAFF GADAFF GASMITCH GASMATCH KABOFF FAPADDA DAPADDA SWIPADDA DIPADDA FAP SPMAP GAMOP	PAIR OF DANCING SHOES AT A THEATRICAL SHOP	220	JAN 1981	PAGE 15
SHIK SHIK	MAN SHAVING	265	SEPTEMBER 1986	PAGE 32
SHIKA SHIKA SHIKA	MAN SCRATCHING BACK	118	APR 68	PAGE 48
SHIKA SHIKA SHIKA	JANE SCRATCHING HER HEAD	228	JAN 1982	PAGE 10
SHIKA-SHIKA SHIKA-SHIKA	RUBBING TWO STICKER TOGETHER TO MAKE FIRE	217	SEPT 1980	PAGE 17
SHKALINK SHKALOINK SHKALINK SHKALOINK	NURSE MILKING BLOOD FROM MAN'S FINGERS	199	JUN 1978	PAGE 31
SHKLAZITCH YARG!	ALLEY OOP GETTING IN THE WAY OF HIS PET DINOSAUR	210	OCT 1979	PAGE 22
SHKLIK	FLOWER SQUIRTING WATER INTO MAN'S EYE	125	MARCH 1969	PAGE 48
SHKLIK	HEART POPPING OUT OF BODY	151	JUN 1972	PAGE 31
SHKLIK SHKLIK SHKLIK SHLIKLE SHLAK SKLIK SKLUSH SHKLAKLE SPLAK	MAN APPLYING GLUE TO WALLPAPER	112	JULY 67	PAGE 32
SHKLIKSA!	CLAM SQUIRTING MAN IN FACE	130	OCTOBER 1969	PAGE 10
SHKLITZA	DOCTOR GETTING SQUIRTED IN FACE BY TRICK FLOWER	110	APR 67	PAGE 10
SHKLITZA	FLOWER SQUIRTING WATER IN MAN'S FACE	138	OCTOBER 1970	PAGE 35
SHKLIZICH!	FLOWER SQUIRTING MAN	130	OCTOBER 1969	PAGE 10
SHKLIZORTCH	WATER SQUIRTING OUT OF A TELEPHONE HANDSET	231	JUNE 1982	PAGE 31
SHKLIZZITZ	DOCTORS OPERATING OF A PERSON	231	JUNE 1982	BACK COVER
SHKLIZZORTCH	ENTERPRISE BEING HIT BY EXCREMENT FROM A KLINGON (BIRD LOOKING) SHIP	251	DEC 1984	PAGE 31
SHKLOORT THURCH	SCULPTOR MOLDING CLAY	229	MARCH 1982	PAGE 11
SHKLOP	HEART BOUNCING ON FLOOR	151	JUN 1972	PAGE 31
SHKLORBBADORP	MAN HITTING WET CEMENT	274	OCTOBER 1987	PAGE 12
SHKLORP	KONG PULLING SHIP OUT OF THE OCEAN	140	JANUARY 1971	PAGE 11
SHKLORP	SHIP BEING PULLED FROM WATER BY KING KONG	140	JAN 1971	PAGE 11
SHKLURCH	HIPPIE SQUEEZING FOOD OUT OF BEARD	139	DECEMBER 1970	PAGE 48
SHKLURK	MAN GRABBING CLAM	130	OCTOBER 1969	PAGE 10
SHKWITZ SHKWITZ	MAN CLEANING EYEGLASSES	134	APRIL 1970	PAGE 11
SHLOOK	PRINCESS KISSING FROG	91	DEC 1964	PAGE 19
SHLORP	MAN EATING	268	JANUARY 1987	PAGE 42
SHLURK SHLORK MMM-SHLURK GURGLE AHHH-GLUKLE GLIK ...	MEN DRINKING FROM STEW POT WITH HUMAN HEAD IN IT	113	SEPT 67	PAGE 39
SHMUZORFT	CROCK PEELING OFF HIS SOCKS AFTER A 20-MILE HIKE IN THE DESERT	210	OCT 1979	PAGE 20
SHNIP SHNIP SHNIP SHNIP	DOCTOR CUTTING PATIENT AND NURSE OUT OF BODY CAST	104	JULY 66	PAGE 42
SHNORKLE	GENTEEL BEN AND WARDEN TAME CRYING	122	OCTOBER 1968	PAGE 10
SHOOGA SHIK	TELEPHONE MOVING	272	JULY 1987	PAGE 43
SHOOK	SUBWAY TRAIN DOOR OPENING	100	JAN 66	PAGE 48
SHOOK SHOOK	PRISONER PUSHING LOOSENED CELL BRICK ALONG FLOOR	176	JULY 1975	PAGE 15
SHOOK SHOOK SHOOK SHOOK SHOOK	PRINCE CLIMBING RAPUNZEL'S HAIR	129	SEPTEMBER 1969	PAGE 13
SHOOK SHOOK SHOOK SHOOK SHOOK	PRINCE CLIMBING RAPUNZEL'S HAIR	129	SEPTEMBER 1969	INSIDE FRONT COVER
SHOOK SHOOK SHOOK SHOOK SHOOK SHOOK SHOOK	PRINCE CLIMBING RAPUNZEL'S HAIR	129	SEPTEMBER 1969	PAGE 38
SHOOKA SHOOKA SHOOKA	PRISON GUARD SHAKING A SPRAY CAN	223	JUNE 1981	PAGE 48
SHOOO	SPEAR	44	JANUARY 1959	PAGE 17
SHPLEP	SPIDERMAN'S WEB SHOOTING OUT	212	JAN 1980	PAGE 12
SHPLIPLE DROOT GLORT	MAN EATING SOUP	161	SEPT 1973	PAGE 48
SHPLOIP	CHICKEN BLASTING OUT OF NEST AND FEATHERS	103	JUN 66	PAGE 34
SHPOOOSH HELP! FAGWASSHHHH HELP! HELP! GLUKKLE-GLUK!	A SEA SHELL	226	OCT 1981	PAGE 14
SHPORK	BRIDE AND GROOM FIGHTING	265	SEPTEMBER 1986	PAGE 32
SHTIK SHTIK SHTIK	KING KONG CLEANING BODY PARTS OUT OF HIS TOES WITH A TRAFFIC SIGNAL	262	APRIL 1986	PAGE 23
SHTOINK	BATH TOWEL BAR POKES EYE	SPECIAL #23	1977	BONUS INSERT STICKERS
SHTOINK SHTOINK SHTOINK SHTOINK	NURSE PRICKING MAN'S FINGERS WITH SYRINGE	199	JUN 1978	PAGE 31
SHUFFLE SHIFFLE	MAN SKOOTING ON FLOOR	272	JULY 1987	PAGE 43
SHUKA SHUKA SHUKA	SHAKING GROCERIES OUT OF BAG	173	MAR 1975	PAGE 11
SHWIK SHWIKA SHK SHHHSK SHASHWIK SHWIKA SHWIK SHASH SHAK	NATIVE SHUFFLING SHRUNKEN HEADS	111	JUNE 67	PAGE 42
SILENCE	INDIAN RUNNING THROUGH WOODS	121	SEPTEMBER 1968	PAGE 14
SIT SIT SIT	DOCTOR CUTTING BELLY OF MAN	110	APR 67	PAGE 10
SITZ SITTZLE SIZZOTZ KRAKLE	THE HUMAN TORCH HUGGING HIS GIRLFRIEND	210	OCT 1979	PAGE 20
SIZAFITZ	LIT CIGARETTE POKES EYEBALL	SPECIAL #23	1977	BONUS INSERT STICKERS
SIZZLE SITZ	FLARE FIZZLING OUT	215	JUNE 1980	PAGE 48
SKAPASCH	MOVIE CAMERA FALLING ONTO MAN	197	MAR 1978	PAGE 37
SKAPLUNCH	MALARIA STICKING SWORD INTO DRAGON	235	DEC 1982	PAGE 45
SKAPROING	PILOT EJECTING FROM JET	267	DECEMBER 1986	PAGE 48
SKAZEECH SKAZOOCH SKAZEECH SKAZOOCH	MAGICIAN CUT A BOX IN HALF	213	MARCH 1980	PAGE 15
SKLAZONCHO!	MERVYN CUTTING A MAN IN A BOX INTO TWO	227	DEC 1981	PAGE 28
SKLERCH!	MAN'S POPPING EYES STOPPED BY GLASSES	174	APRIL 1975	PAGE 31
SKLISHITTY SKLOSHITTY SKLISHITTY SKLOSHITTY	AQUAMAN WALKING AROUND IN A SQUISHY WETSUIT	210	OCT 1979	PAGE 20
SKLISHK	FLOWER SQUIRTING WATER IN MAN'S FACE	126	APRIL 1969	PAGE 14
SKLITCH	KING ARDOR CUTTING OFF SIR FINGBURN'S HEAD	227	DEC 1981	PAGE 26
SKLIZZORCH!	CONEHEAD STICKING SWORD INTO DRAGON'S HEAD	235	DEC 1982	PAGE 45
SKLOOSH	HAND SQUEEZING WATER BAG	126	APRIL 1969	PAGE 13
SKLORK	STEAM ROLLER HITTING EYE	140	JANUARY 1971	PAGE 31
SKLORK	EYE CRUSHED BY STEAMROLLER	140	JAN 1971	PAGE 31
SKLORSH	VENDING MACHINE SQUIRTING DUTCH BOY	204	JAN 1979	PAGE 39
SKLORTCH,SKLITCH SKLITCH	ATAT STEPPING ON EWOK, THEN SCRAPING IT OFF IT'S FOOT	243	DEC 1983	PAGE 41
SKLUK	GENTEEL BEN AND WARDEN TAME CRYING	122	OCTOBER 1968	PAGE 10
SKLUKLE	GENTEEL BEN AND WARDEN TAME CRYING	122	OCTOBER 1968	PAGE 10
SKLURK	FAT WOMAN SITTING ON MAN	102	APR 66	PAGE 26
SKNIFFLE	GENTEEL BEN AND WARDEN TAME CRYING	122	OCTOBER 1968	PAGE 10
SKNIKLE	GENTEEL BEN AND WARDEN TAME CRYING	122	OCTOBER 1968	PAGE 10
SKNITCH	PIN PUSHING INTO BABY'S HEAD	91	DEC 1964	PAGE 26
SKNOSH	GENTEEL BEN AND WARDEN TAME CRYING	122	OCTOBER 1968	PAGE 10
SKRAK	SNAKE CHARMER'S FLUTE	124	JANUARY 1969	PAGE 11
SKRAKIT SKRAKIT	WILD SKRAKIT BIRD	153	SEP 1972	PAGE 16
SKRAWK	CROP DUSTER	263	JUNE 1986	PAGE 35
SKREECH	SNAKE CHARMER'S FLUTE	124	JANUARY 1969	PAGE 11
SKREEE	TRUCK STOPPING	196	JAN 1978	PAGE 25
SKREEE	POLICE CAR SCREECHING TO A HALT	254	APRIL 1985	PAGE 22
SKREEEE	BRAKING CAR	93	MAR 1965	PAGE 7
SKREEEE	CAR SKIDDING TO STOP	95	JUNE 1965	PAGE 27
SKREEEE	TIRES FROM CAR BREAKING	150	APR 1972	PAGE 42
SKREEEEE	POLICEMAN SKIDDING TO A STOP	137	SEPTEMBER 1970	PAGE 42
SKREEEEE	TRUCKS BRAKING TO A HALT	174	APRIL 1975	PAGE 40
SKREEEEE	CAMEL COMING TO A QUICK STOP	234	OCT 1982	PAGE 21
SKREEEEEE	HORSES STOPPING	56	JULY 1960	PAGE 48
SKREEEEEE	MOON ROVER	148	JAN 1972	PAGE 33
SKREEEEEE	CAR TURNING A CORNER	263	JUNE 1986	PAGE 12
SKREEEEEEEK	VAN PULLING UP IN A HURRY	190	APR 1977	PAGE 13
SKREEEEEK	HORSES STOPPING	154	OCT 1972	PAGE 31
SKREEEEK	HORSES STOPPING	127	JUNE 1969	INSIDE FRONT COVER
SKREEEEK	TRUCK COMING TO A STOP	241	SEPT 1983	PAGE 42
SKREEEK	HOSPITAL BED BEING PULLED AROUND A CORNER	243	DEC 1983	BACK COVER
SKREEK	SHOES SLIDING INTO HOME PLATE OR FIRST BASE	107	DEC 66	PAGE 29
SKREEK	SHOES SKIDDING TO A STOP	110	APR 67	PAGE 42
SKREEK	SNAKE CHARMER'S FLUTE	124	JANUARY 1969	PAGE 11
SKREEK	MAN STOPPING	132	JANUARY 1970	PAGE 7
SKREEK	LIGHTNING	133	MARCH 1970	PAGE 15
SKREEK	SKATEBOARD STOPPING ON PAVEMENT	189	MAR 1977	PAGE 23
SKREEK	CAR STOPPING	196	JAN 1978	PAGE 25
SKREEK	SUPERMAN TRYING TO OPEN A STUCK WINDOW	226	OCT 1981	BACK COVER
SKREEK	CROP DUSTER	263	JUNE 1986	PAGE 35
SKREEK SKREEK	SUPERMAN TRYING TO OPEN A STUCK WINDOW	226	OCT 1981	BACK COVER
SKREEK SKREEK SKREEK	CAR	136	JULY 1970	PAGE 48
SKREEKLE GLEEP SKRONK	WOMAN TRYING TO BIRD CALL	217	SEPT 1980	PAGE 42
SKREEYEEEK	INDIAN TURING AROUND A CACTUS ARM	204	JAN 1979	PAGE 23
SKREEYEEYEEYEEYEEK	TRUCK ROUNDING CORNER ON TWO WHEELS	95	JUNE 1965	PAGE 29
SKRIBBLE SKRAZITZ SKRAZATZ	POLICEMAN WRITING OUT A SUMMONS	207	JUN 1979	PAGE 23
SKRICH SKRICHA SKRINK	CARVING OUTSIDE OF STICK	146	OCT 1971	PAGE 23
SKRITCH SKRITCH SHOOKA SHOOKA	BLOCK ON DUNGEON WALL BEING WORKED ON	223	JUNE 1981	BACK COVER
SKROIK	SUPERMAN OPENING WINDOW AND LIFTING HOUSE	226	OCT 1981	BACK COVER
SKROINCH	MUSCLE MAN GRASPS A GUY'S EARS FROM BEHIND AND STRETCHES HIS HEAD	SPECIAL #23	1977	BONUS INSERT STICKERS
SKROINCH	MAN RIPPING OUT A SEAT ON A BUS	211	DEC 1979	PAGE 34
SKROINCH	SPIDERMAN BEING HIT BY WINDOW WASHERS	212	JAN 1980	PAGE 12
SKRONCH	RAFT HITTING THE BEACH	138	OCTOBER 1970	PAGE 11
SKROOM	CAR	136	JULY 1970	PAGE 48
SKROOOK	SKATEBOARDER COMING TO A QUICK STOP	200	JUL 1978	PAGE 11
SKRUNCH SKRUNCH SKRUNCH SKRICHA SKRICHA SKRICHA	CARVING HOLE IN STICK	146	OCT 1971	PAGE 21
SKRUNCHA SKRUNCHA WIZ GA-WIZ	KING KONG PLAYING WITH TOY	192	JUL 1977	PAGE 33
SKWA-BA-DAP	THREE ONLOOKERS BEING SQUASHED BY A GUY ON SKIS	243	DEC 1983	PAGE 12
SKWAKO	HORSE KICKING THE LONE RANGER	216	JULY 1980	PAGE 15
SKWAPPO	THE SILVER SURFER WIPING OUT ON A METEOR	210	OCT 1979	PAGE 23
SKWAPPO	PERSON JUMPING FROM BUILDING AND HITTING GROUND	219	DEC 1980	PAGE 12
SKWEEK SKWEEK	CLEANING OUT LINCOLN'S MT. RUSHMORE EARS	178	OCT 1975	PAGE 15
SKWEEK SKWEEK	MOUNT RUSHMORE EAR BEING CLEANED	180	JAN 1976	PAGE 2
SKWEEK SKWEEK	UNSCREWING A WOODEN PEG LEG	233	SEPT 1982	PAGE 37
SKWIK SKWIK SKWIK	PEPPER MILL	268	JANUARY 1987	PAGE 42
SKWIK SKWIK SKWIK	WAITER TWISTING CHOKING MAN	268	JANUARY 1987	PAGE 42
SKWONK	SNAKE CHARMER'S FLUTE	124	JANUARY 1969	PAGE 11
SLOBBLE	GENTEEL BEN AND WARDEN TAME CRYING	122	OCTOBER 1968	PAGE 10
SLOOPLE GLIK SPLORP	MAN EATING SOUP	161	SEPT 1973	PAGE 48
SLURK GLURKLE GLUP	MAN EATING SOUP	161	SEPT 1973	PAGE 48
SMAK	PRINCESS KISSING FROG	180	JAN 1976	INSIDE FRONT COVER
SMAK	PRINCESS KISSING FROG	185	SEPT 1976	INSIDE FRONT COVER
SMAK	PRINCESS KISSING FROG	190	APR 1977	INSIDE BACK COVER
SMAK	PRINCESS KISSING A FROG	194	OCT 1977	BACK COVER
SMAK	KISSING	197	MAR 1978	BACK COVER
SMAK	FEMALE FROG KISSING A PRINCE	200	JUL 1978	BACK COVER
SMAK	PRINCESS KISSING A FROG	200	JUL 1978	BACK COVER
SMAK	PRINCESS KISSING A FROG	202	OCT 1978	BACK COVER
SMAK	PRINCESS KISSING A FROG	220	JAN 1981	BACK COVER
SMAK	PRINCESS KISSING FROG	247	JUNE 1984	BACK COVER
SMASH	WHITE MAN RUNNING THROUGH WOODS	121	SEPTEMBER 1968	PAGE 14
SMEK	PRINCESS KISSING FROG	166	APRIL 1974	PAGE 22
SNAP	WHITE MAN RUNNING THROUGH WOODS	121	SEPTEMBER 1968	PAGE 14
SNAP	HANDCUFFS	122	OCTOBER 1968	PAGE 12
SNAP	A WISHBONE SNAPPING	160	JULY 1973	PAGE 42
SNAP GRASP ZIP PULL	MAN OPENING SURVIVAL RAFT	134	APRIL 1970	INSIDE FRONT COVER
SNAP KRAK	BREAKING TWIGS	181	MAR 1976	PAGE 48
SNAP PLOOBADOOF	WONDER WOMAN RELEASING HER AMAZON BRASSIERE	210	OCT 1979	PAGE 22
SNAP SNAP	TADPOLE SNAPPING FINGERS	124	JANUARY 1969	PAGE 27
SNAP SNAP	MAGIC CARPET PILOT SNAPPING FINGERS	161	SEPT 1973	PAGE 21
SNAP SNAP SNAP	ALLIGATORS CHOMPING AFTER A DOCTOR IN AFRICA	73	SEPTEMBER 1962	PAGE 13
SNIF	GENTEEL BEN AND WARDEN TAME CRYING	122	OCTOBER 1968	PAGE 10
SNIFF	WELL-PLACED DOG NOSE SNIFFING	173	MAR 1975	PAGE 48
SNIFF SNIFF SNIFF SNIFF	DOG SNIFFING	173	MAR 1975	PAGE 48
SNIFFLE	GENTEEL BEN AND WARDEN TAME CRYING	122	OCTOBER 1968	PAGE 10
SNIKKER	LAUGHTER	261	MARCH 1986	PAGE 42
SNIP	BARBER CUTTING BRANCH GROWING OUT OF LINCOLN'S NOSE	93	MAR 1965	PAGE 8
SNIP	HAIR CUTTING	99	DEC 1965	PAGE 9
SNIP SNIP	BARBER SCISSORS SNIPPING	93	MAR 1965	PAGE 7
SNIP SNIP	NOSE HAIR CUTTING	99	DEC 1965	PAGE 9
SNIP SNIP SNIP SNIP	A HAIRCUT	81	SEPT 1963	PAGE 48
SNIP SNIP SNIP SNIP	CUTTING BANDAGES WITH SCISSORS	197	MAR 1978	PAGE 37
SNIP!	WOMAN CUTTING FLOWER OUT OF HER HAIR	53	MARCH 1960	PAGE 32
SNUFFLE	GENTEEL BEN AND WARDEN TAME CRYING	122	OCTOBER 1968	PAGE 10
SOB	GENTEEL BEN AND WARDEN TAME CRYING	122	OCTOBER 1968	PAGE 10
SPA- ZUNCH	SUPERMAN SWATTING A FLY ON LOIS'S BACK	210	OCT 1979	PAGE 23
SPALOOSH	MAFIA INFORMANT DUMPED IN RIVER WEARING CEMENT SHOES	247	JUNE 1984	PAGE 48
SPAMAMP MABBIT FLABADAP GONK	RUNNERS CRASHING INTO A STONE WALL	233	SEPT 1982	PAGE 9
SPAMP	WHITE MAN RUNNING THROUGH WOODS	121	SEPTEMBER 1968	PAGE 14
SPASH	BOY SMASHING PIGGY BANK WITH HAMMER	201	SEP 1978	PAGE 21
SPAZAT	AIRBOAT	122	OCTOBER 1968	PAGE 9
SPAZOOSH SSSSSSSST	WATER POURING OVER OF A ELAVATOR SHAFT	219	DEC 1980	PAGE 15
SPITZ SPOPPLE SPATZ	SPIDERMAN'S WEB NOT COMING OUT PROPERLY	212	JAN 1980	PAGE 14
SPLADAP	DEAD FISH THROWN AT AND RICOCHETING OFF FACE	SPECIAL #23	1977	BONUS INSERT STICKERS
SPLADUNK	CASKETT BEING SLAM DUNKED INTO OPEN GRAVE	257	SEPT 1985	PAGE 9
SPLAK	BABY TOSSING FOOD ON HIS HEAD WITH A SPOON	211	DEC 1979	PAGE 48
SPLAP	SPAGHETTI BEING TOSSED INTO BOWL	88	JULY 1964	PAGE 10
SPLAP!!	WOMAN FALLING ON REAR END AFTER POGO STICK YANKED OUT FROM UNDER HER	67	DECEMBER 1961	PAGE 8
SPLAPPLE PLAP	PEOPLE VOMITING	266	OCTOBER 1986	PAGE 48
SPLASH SPLISHLE SPLISH SPLOSH SPASHLE GLISH SPLESH	BATH WATER PARTING AS DONE BY MOSES	186	OCT 1976	14-15
SPLAT	EGG HITTING ROBINSON CRUSOE IN HIS HEAD	75	DECEMBER 1962	PAGE 27
SPLAT	FACE BEING PUNCHED	85	MAR 1964	PAGE 26
SPLAT	HAND SQUISHING SPIDER	92	JAN 1965	PAGE 29
SPLAT	ARTIST THROWING SCULPTURE HEAD ON TABLE	105	SEPT 66	PAGE 32
SPLAT	PEOPLE HITTING HIJACKER	264	JULY 1986	PAGE 36
SPLAZOOSH	WOMAN POURING WATER ON FIRE	217	SEPT 1980	PAGE 17
SPLISH	MAN DIVING INTO WISHING WELL	131	DECEMBER 1969	PAGE 8
SPLISHIDY-SPLASH- SPLADISH-SPLADISH ... SPLISHIDY-SPLASHIDY- SPLAPIDY-SPLIP ...	DANCING IN THE RAIN	184	JUL 1976	PAGE 15
SPLITCH	TOMATO HITS FACE	SPECIAL #23	1977	BONUS INSERT STICKERS
SPLOIT	BABY THROWING FOOD FROM A SPOON	211	DEC 1979	PAGE 48
SPLOOSH	MAN HITTING WATER IN BOTTOM OF WELL	98	OCT 1965	PAGE 12
SPLOOSH	GOLF CLUB HITTING WATER	125	MARCH 1969	PAGE 13
SPLOP	BIRD FALLING AND HITTING GROUND	179	DEC 1975	PAGE 11
SPLOP	PEOPLE VOMITING	266	OCTOBER 1986	PAGE 48
SPLORK	BABY WITH SPOON IN A BOWL	211	DEC 1979	PAGE 48
SPLORP BLATCH THWIP BLIF PLORF BLAP	BABY AND PARENTS TOSSING FOOD AROUND KITCHEN WHILE EATING	211	DEC 1979	PAGE 48
SPLORPLE BLAPPLE	PEOPLE VOMITING	266	OCTOBER 1986	PAGE 48
SPLOYDOING	MANS GUTS POPPING OUT LIKE JACK IN THE BOX	110	APR 67	PAGE 11
SPLURP	ARTIST PULLING SCULPTURE HEAD OF STAND	105	SEPT 66	PAGE 32
SPMAMP	SCULPTOR SCRUNCHING MAN'S FACE	229	MARCH 1982	PAGE 11
SPMAP!	STEPPING ON BUG	150	APR 1972	PAGE 19
SPOOF	FLAME STARTING	217	SEPT 1980	PAGE 17
SPOOSHT	MAN GEETING SQUIRTED BY A FIRE HYDRANT	203	DEC 1978	PAGE 11
SPOP	AIRBOAT	122	OCTOBER 1968	PAGE 9
SPRAZOT SPRAT	PAINT SPRAY CAN	213	MARCH 1980	PAGE 14
SPRITSITS	PAINT SPRAY CAN	213	MARCH 1980	PAGE 14
SPRITZ	PAINT SPRAY CAN	213	MARCH 1980	PAGE 14
SPRIZAWITZ	PAINT SPRAY CAN	213	MARCH 1980	PAGE 14
SPRIZZITZ	SPIDERMAN BEING SPRAYED WITH BUG SPRAY	212	JAN 1980	PAGE 12
SPROING	SPRING	137	SEPTEMBER 1970	PAGE 11
SPROING	BODY POPPING OUT OF CAKE	196	JAN 1978	PAGE 44
SPROING	FEMALE FROG JUMPING	200	JUL 1978	BACK COVER
SPROING	SPRING SNAKE POPPING OUT OF BASKET	206	APR 1979	PAGE 23
SPROING GING	SPRING	137	SEPTEMBER 1970	PAGE 11
SPROINGACHONK	SPRING-LOADED AX	272	JULY 1987	PAGE 14
SPROINGDOINK	MECHANICAL BOXING GLOVE	138	OCTOBER 1970	PAGE 35
SPROP BLOP BLOP	PEOPLE VOMITING	266	OCTOBER 1986	PAGE 48
SPROWMMM	AIRBOAT	122	OCTOBER 1968	PAGE 9
SPUKKONK	AIRBOAT	122	OCTOBER 1968	PAGE 9
SPUSH	PERSPIRATION BEING RELEASED	89	SEPT 1964	PAGE 37
SPUTZ!	AIRBOAT	122	OCTOBER 1968	PAGE 9
SPUTZ-SPITZA CHUKKUNK-CLUNK	CAR RUNNING OUT OF GAS	117	MAR 68	PAGE 11
SPWAKO	SHIP BEING HIT TREMENDOUSLY HARD WITH A CHAMPAGNE BOTTLE	247	JUNE 1984	PAGE 11
SPWAP	CONSTRUCTION WORKER STAMP "KILL" ON STEAM SHOVEL	214	APRIL 1980	PAGE 13
SPWAPPO	PEOPLE HITTING HIJACKER	264	JULY 1986	PAGE 36
SPWATCH	FRIED EGGS THROWN IN FACE COVERING EYES	SPECIAL #23	1977	BONUS INSERT STICKERS
SSAT	PHONE BOOK SHAPED FLATTENED HUMAN BODY CREASING AT SPINE	92	JAN 1965	PAGE 14
SSLIT	SPY PULLING POISONED DAGGER FROM CANE	106	OCT 66	PAGE 24
SSSSSSSS	DEFLATING DOCTOR'S HEAD	93	MAR 1965	PAGE 33
SSSST!	BUG SIZZLING BY MAGNIFYING GLASS SUNLIGHT	174	APRIL 1975	PAGE 40
STAMP (10 TIMES)	GROUP STAMPING OF FEET	171	DEC 1974	PAGE 42
STAMP STAMP	LARGE MECHANICAL FOOT STOMPING	194	OCT 1977	PAGE 23
STEALTH	INDIAN RUNNING THROUGH WOODS	121	SEPTEMBER 1968	PAGE 14
STOINK PING	KING KONG BREAKING A TRAIN	262	APRIL 1986	PAGE 22
STOOF	GRABBING GROCERY BAG	173	MAR 1975	PAGE 11
STOONG	GARGOYLE HITTING SALEMAN IN THE HEAD	218	OCT 1980	PAGE 39
STOOPFT!	MAN IN BIRD SUIT CRASHING TO GROUND	172	JAN 1975	PAGE 40
STROINGGOINK	OLIVE OYL FALLING DOWN A SIDEWALK GRATING AND BEING SAVED BY HER NOSE	210	OCT 1979	PAGE 23
SUT FLUT FLIT FLOT	FOLDING UP FLATTENED MAN	155	DEC 1972	PAGE 13
SWAP	FOOTBALL HITTING MANS FACE	100	JAN 66	PAGE 42
SWIF	THROWING "FOLDED MAN" AIRPLANE	155	DEC 1972	PAGE 13
SWISH FLIBADIP	RAPUNZEL'S HAIR	129	SEPTEMBER 1969	INSIDE FRONT COVER
SWIT	HIPPIE SLIPPING ON BANANA PEEL	116	JAN 68	PAGE 14
SWIT	NET HITTING GENTEEL BEN	122	OCTOBER 1968	PAGE 8
SWIT FLIP SNAT GAFLOR ZINGO PLOOF ZIZ KLAK FAZZAT TWOP TONK PLIF FLINK FAK POK ETC. ETC. ETC	CAMPER RE-FOLDING	152	JUL 1972	PAGE 13
SWIT-PLOP	PLATE HITTING SPAGHETTI	126	APRIL 1969	PAGE 29
SWIT-PLOP	BAGGERS BAGGING GROCERIES	173	MAR 1975	PAGE 11
SWIT-PLOP	NURSE SITTING MAN ON TABLE	199	JUN 1978	PAGE 31
SWIT-SWIT	GENTEEL BEN SPELLING "NEVER!" WITH MONEY AND JEWELS	122	OCTOBER 1968	PAGE 11
SWIZZAK	TELEPHONE FALLING	272	JULY 1987	PAGE 43
SWIZZAT-SWAT	GENTEEL BEN SPELLING "NEVER!" WITH MONEY AND JEWELS	122	OCTOBER 1968	PAGE 11
TAP BAP SHA-PAP	TADPOLE TAP DANCING	124	JANUARY 1969	PAGE 27
TAP TAP TAP	PATTER OF LITTLE FEET	36	DECEMBER 1957	PAGE 41
TAP TAP TAP	PRISONERS RAPPING SPOONS AND CUPS	67	DECEMBER 1961	PAGE 48
TAP TAP TAP	BLIND MAN WALKING INTO THE STREET	140	JANUARY 1971	PAGE 31
TAP TAP TAP	FOOT TAPPING ROAD	140	JAN 1971	PAGE 31
TAP TAP TAP TAP	MAN TAPPING ON WINDOW	270	APRIL 1987	PAGE 35
TAP TAP TAP TAP TAP TAP TAP TAP TAP	BLIND MAN'S CANE	237	MARCH 1983	PAGE 27
TAP!TAP!TAP!	CONDUCTOR TAPPING	55	JUNE 1960	PAGE 9
TATTATATTAT	WEDDING PARTY SHOOTING BOUQUET	265	SEPTEMBER 1986	PAGE 40
THAP	MAN STEPPING ON BUG	135	JUNE 1970	PAGE 11
THAP THAP THAP	MAN STEPPING ON BUG	135	JUNE 1970	PAGE 11
THAP THAP THAP THAP THAP THAP	MAN STEPPING ON BUG	135	JUNE 1970	PAGE 11
THAPLOOF	HORSE JUMPING FROM ON LEDGE TO ANOTHER	216	JULY 1980	PAGE 15
THHHUT! THHHHT!	MAN GETTING TWO ARROWS IN THE BACK	197	MAR 1978	PAGE 11
THHLORP	SPIDERMAN SENDING WEB INTO SOUP	212	JAN 1980	PAGE 14
THIKOOSH	HIPPIE LIGHTING MATCH ON CRUSTY JEANS	116	JAN 68	PAGE 13
THIZ ZIZ ZIZ ZIZ ...	SPIDERMAN'S SECRET WEB FLUID BACKFIRING	210	OCT 1979	PAGE 22
THLBBADUP	DRACULA BEING EMPTIED OUT OF A COFFIN	213	MARCH 1980	PAGE 15
THLIP	DOOR OPENING ON THE ENTERPRISE	251	DEC 1984	PAGE 30
THLOOP!	SCULPTOR SWIPING ACROSS MAN'S FACE	229	MARCH 1982	PAGE 11
THLUCK	BIRD PULLING A BABY BIRD OUT OF AN ANOTHER BABY BIRD'S MOUTH	211	DEC 1979	PAGE 23
THLUP	KID PUTTING EYEPLUG IN EYE SOCKET	114	OCT 67	PAGE 9
THOIP	SWORD BEING DRAWN FROM SIR ALBERT'S BUTT	227	DEC 1981	PAGE 25
THOIPOING	MAN'S EYES POPPING TOWARD BEAUTIFUL GIRL	174	APRIL 1975	PAGE 31
THOMP SKLUK SPLATCH GOOSH	CONEHEAD STOMPING ON OPPONENT	235	DEC 1982	PAGE 44
THOO	COLLAPSING HEAD	93	MAR 1965	PAGE 33
THOO DINK	PELLET BLOWN FROM TUBE BOUNCES OFF BALLOON	137	SEPTEMBER 1970	BACK COVER
THOO! DOINK	PELLET BLOWN HARDER FROM TUBE BOUNCES OFF BALLOON	137	SEPTEMBER 1970	BACK COVER
THOO DOOMP	TWO BODIES HITTING GROUND	166	APRIL 1974	PAGE 23
THOOF-FOING	PALEONTOLOGIST GETTING BOUNCED ON BY DINOSAUR	112	JULY 67	PAGE 48
THOOM THOOM	THOR DEMANDING SERVICE IN A TYPICAL RESTAURANT	210	OCT 1979	PAGE 23
THOOMP	TARZAN LANDING ON GROUND	114	OCT 67	PAGE 48
THOOMP	TARZAN LANDING ON GROUND	183	JUN 1976	PAGE 11
THOO! PAF	PELLET BLOWN EVEN HARDER FROM TUBE BLOWS UP BALLOON HEAD	137	SEPTEMBER 1970	BACK COVER
THORT	BIRD DROPPINGS HIT MAN'S HAT	SPECIAL #23	1977	BONUS INSERT STICKERS
THOT	RECESSED HEAD POPPING BACK TO NORMAL	93	MAR 1965	PAGE 33
THUBALUP THUBALUP THUBALUP	HORSE GALLOPING ALONG	216	JULY 1980	14-15
THUD	INDIANS GETTING SHOT	121	SEPTEMBER 1968	PAGE 15
THUD	SPIDERMAN CRASHING TO THE GROUND	212	JAN 1980	PAGE 13
THUGAWUNK	FIREMAN FALLING TO GROUND OFF A SHORTENED POLE	219	DEC 1980	PAGE 13
THUK	ARROW TRAVELS THROUGH HEAD THROUGH EARS AND STOPS	SPECIAL #23	1977	BONUS INSERT STICKERS
THUMP	WHITE MAN RUNNING THROUGH WOODS	121	SEPTEMBER 1968	PAGE 14
THUMP (6 TIMES)	CAVEMEN THUMPING CHEASTS	113	SEPT 67	PAGE 30
THUMP BUMP	MEATBALL BOUNCING	88	JULY 1964	PAGE 8
THUMP BUMP KLUMP TRUMP	BELLY RUMBLING	95	JUNE 1965	PAGE 27
THUMP THUMP THUMP THUMP	BIG ROCK BEATEN AGAINST THE GROUND	153	SEP 1972	PAGE 18
THUMP!	MATCH STICK HITTING FLOOR	59	DECEMBER 1960	PAGE 16
THUNCK	CHEMISTRY SET BEING BASHED ON HEAD	92	JAN 1965	PAGE 29
THUTHHHH...	RECESSED HEAD INFLATING	93	MAR 1965	PAGE 33
THWA-DAP! SPLA-MAP!	MAN SLAMED ON SIDEWALK BY BUG	150	APR 1972	PAGE 19
THWAK	FOREST VARLET, LITTLE JOHN, HITTING ROBIN HOOD IN THE HEAD WITH A STAFF	71	JUNE 1962	PAGE 28
THWAK	DRIVER HITTING CADDY	125	MARCH 1969	PAGE 12
THWAK	CHICAGO POLICEMAN HITTING HIPPIE	128	JULY 1969	PAGE 21
THWAK	MAN SLAPPING MAN ON BACK	140	JANUARY 1971	PAGE 31
THWAK	SLAP ON THE BACK	140	JAN 1971	PAGE 31
THWAK	MAN HITTING WOMAN WITH TENNIS RACKET	168	JULY 1974	PAGE 48
THWAK	HAND SLAPPING BABY'S BUTT	174	APRIL 1975	PAGE 11
THWAK	TOOTH BEING KNOCKED OUT OF MOUTH WITH A HOCKEY PUCK	257	SEPT 1985	PAGE 21
THWAK BAK PWADAK KLAK	MEN FIGHTING WITH STICKS	197	MAR 1978	PAGE 11
THWAK THWAK THWAK THWAK	STOUT STICK BEATEN AGAINST THE GROUND	153	SEP 1972	PAGE 18
THWAP	FOOTBALLPLAYER GRABBING BALL AND COACH'S HAND	109	MAR 67	PAGE 15
THWAP	DRIVER HITTING GOLF BALL	125	MARCH 1969	PAGE 12
THWAP	CLAMP BEING SLAPPED INTO HAND	151	JUN 1972	PAGE 8
THWAT	BULLY STRONGMAN THROWING SAND ON HEAD OF WEAKLING	80	JULY 1963	PAGE 41
THWIP	MAN KICKING MAN	128	JULY 1969	PAGE 11
THWIT	POSTER BEING UNROLLED	246	APRIL 1984	PAGE 28
THWIZZIT!	PAPER JERKED FROM TYPEWRITER	119	JUN 68	PAGE 48
THWOCK!	A FAT LADY HITTING A FIREMEN'S SAFETY NET	219	DEC 1980	PAGE 41
THWOK	ARROW SPLITTING APPLE AND STICKING IN TREE	250	OCT 1984	BACK COVER
THWOP	SCALPEL SLAPPED THROUGH HAND	151	JUN 1972	PAGE 8
THWOP	CIVIL WAR CAP THROWN TO GROUND	163	DEC 1973	PAGE 21
THWOP	SPIDERMAN SHOOTING OUT WEB	212	JAN 1980	PAGE 14
THWOP!	MAN RETURNING TO ORIGINAL SHAPE	128	JULY 1969	PAGE 11
THWOP!	GIANT SHOE HITTING MAN	135	JUNE 1970	PAGE 12
THWUK	WOMAN HITTING TENNIS BALL	168	JULY 1974	PAGE 48
THWUK	HILLBILLY BEING KICKED IN THE REAR	241	SEPT 1983	PAGE 42
TIK TIK SKREEE	RUNNING DOWN STEPS AND SKIDDING TO A STOP	97	SEPT 1965	PAGE 8
TIK TIK TIK TIK	VIDEO GAME	148	JAN 1972	18-19
TIK TIK TIK TIK	HITTING STOUT STICK AGAINST SMALL ROCK	153	SEP 1972	PAGE 18
TIK TIKKA TIKKAK TA-TAGAK TAK TIKKA TAKKA	TYPIST TYING ON TYPEWRITER	258	OCT 1985	PAGE 24
TIKA TIKA TIKA TIKA	RUNNING DOWN WOOD STEPS	97	SEPT 1965	PAGE 8
TIKA-TIKA	INDIANS MAKING NOISES	121	SEPTEMBER 1968	PAGE 14
TIKATIK-CHIRP	INDIANS MAKING NOISES	121	SEPTEMBER 1968	PAGE 14
TIK-TIK	INDIANS MAKING NOISES	121	SEPTEMBER 1968	PAGE 14
TIK-TIKA	INDIANS MAKING NOISES	121	SEPTEMBER 1968	PAGE 14
TIKKA TIK TIKKA TIKKAK TIKKAK TIKKIK TIKKIK TIKA TIKIK TIKKA TIKAKADA KAKADA TAK TIKIK TIK TIKATIKA TIK TAKADA TIKAK TIK-TIKA TIKAK-KAK... BINGCHIKA-CHUNK... THWIZZIK... ZAK!TIK-TIKATAK TIKKIK TIKKIK TIK-TIKA TIKKIK TIKKAK TIKKAK TIK TIKIK TIKITY TIK TIK TIKKAK TIKKAK TAK KAKA TAKAKA TIKKIK KIK TAKKAK KAK... BINGCHIKA-CHUNK... THWIZZIK... ZAK!TIK-TIKKA-TIKKAK TIK TIK TIKAKATA KAKATA..	WOMAN USING TYPEWRITER	119	JUN 68	PAGE 48
TING	MAN FLIPPING COIN	131	DECEMBER 1969	PAGE 8
TING	DUNGEON GUARD FLIPPING A COIN	259	DEC 1985	PAGE 43
TING	MAN ESCAPING FROM THE DUNGEON	261	MARCH 1986	PAGE 42
TING ALING ALING	ALARM CLOCK	31	FEBRUARY 1957	PAGE 36
TING-ALING	ALARM CLOCK	31	FEBRUARY 1957	PAGE 36
TINGALINGA	BICYCLE BELL RINGING	95	JUNE 1965	PAGE 30
TIP-TIPPITY TAP	TADPOLE TAP DANCING	124	JANUARY 1969	PAGE 27
TOING	MUSICAL NOTE FLAG POPPING OUT OF FLUTE	206	APR 1979	PAGE 23
TOK	DRIVER HITTING GOLF BALL	125	MARCH 1969	PAGE 13
TOK TOK TOK TOK	CAVEMAN CHISELING OUT A WHEEL	239	JUNE 1983	PAGE 11
TONG	BRICK HITTING A GUY ON THE HEAD	244	JAN 1984	PAGE 48
TONG	BELL	266	OCTOBER 1986	PAGE 9
TONK	KING KONG JUMPING ON BUILDINGS	262	APRIL 1986	PAGE 24
TOOD TOOD	INDIANS MAKING NOISES	121	SEPTEMBER 1968	PAGE 14
TOODLE	SNAKE CHARMER'S FLUTE	124	JANUARY 1969	PAGE 11
TOOF THAFF FAK	MAN SPITTING FLY OUT OF MOUTH	168	JULY 1974	PAGE 34
TOOMP, FWOP, FWIFFFFFF	CAR HITTING INFLATED MAN,WHO BOUNCES INTO THE AIR CONTINUING TO INFLATE	255	JUNE 1985	PAGE 27
TOON	MAN TAPPING HUMAN VOLLEYBALL INTO AIR	170	OCT 1974	PAGE 16
TOONG	HIPPIE HITTING CONSTRUCTION WORKER WITH WROUGHT IRON FLOWER	139	DECEMBER 1970	PAGE 15
TOONK	KING KONG JUMPING ON BUILDINGS	262	APRIL 1986	PAGE 24
TOOOOO	EMERGENCY BROADCAST SYSTEM WARNING	238	APRIL 1983	PAGE 13
TOOWIT	INDIANS MAKING NOISES	121	SEPTEMBER 1968	PAGE 14
TOOWOO	INDIANS MAKING NOISES	121	SEPTEMBER 1968	PAGE 14
TROMP TROMP TROMP	PRISONERS JUMPING UP AND DOWN	67	DECEMBER 1961	PAGE 48
TROMP TROMP,TEEOO TEEOO	ATAT TYPE VEHICLE CHASING AND SHOOTING EWOK	243	DEC 1983	PAGE 41
TUBBA TUBBA TUBBA TUBBA	GORILLA BEATING HIS CHEST	250	OCT 1984	PAGE 14
TWEEDLE	SNAKE CHARMER'S FLUTE	124	JANUARY 1969	PAGE 11
TWEEN SPWANG	MAN HAVING PISTOLS SHOT OUT OF HANDS	216	JULY 1980	PAGE 14
TWOK	DANCING GENTEEL BEN KNOCKING GUN OUT OF MAN'S HAND	122	OCTOBER 1968	PAGE 12
TWONG	WOMAN HITTING HARP	57	SEPTEMBER 1960	PAGE 48
TWONG	ROBIN HOOD FIRING ARROW	71	JUNE 1962	PAGE 29
TWONG	VIOLIN BOW SLIPPING	136	JULY 1970	PAGE 13
TWONG	THIRSTY FIRING A SNAKE AS AN ARROW	235	DEC 1982	PAGE 47
TWOYYOYYOING THUK UGH	PRINCE VALIANT PLUCKING A VERY TIGHT BOWSTRING	210	OCT 1979	PAGE 22
TZING	POWER SAW	128	JULY 1969	PAGE 35
TZING TZONG TZOONG TZWANG	CONEHEAD HACKING UP PEOPLE WITH SWORD	235	DEC 1982	PAGE 47
UK	MAN CHOKING	268	JANUARY 1987	PAGE 42
ULP!	PRINCESS SWALLOWING FROG	196	JAN 1978	BACK COVER
UMPF!	MAN ESCAPING FROM THE DUNGEON	261	MARCH 1986	PAGE 42
UMPH!	GAGGED MAN TRYING TO TALK	272	JULY 1987	PAGE 43
UNKLIK	MAN BEING RELEASED FROM DUNGEON WALL	232	JULY 1982	PAGE 44
URRSSSH URSSHHH	HIPPIE SMOKING PIPE	116	JAN 68	PAGE 14
UUUUURP!	FLOWER BURPING	45	MARCH 1959	PAGE 40
VAROOM ROWM	CARS RACING DOWN A STREET	209	SEP 1979	PAGE 13
VAROOM! VROOM-SPAK! BROOM SPUT- POW!!! GROWRROOOM!!	MOTORCYCLE ENGINE	68	JANUARY 1962	PAGE 8
VARROOM SKREEK	POLICE CAR ACCELERATING QUICKLY	185	SEPT 1976	PAGE 11
VOOFEN! VOOFEN!	THE KATZENJAMMER KID'S DOG BARKING AT THEM IN GERMAN	210	OCT 1979	PAGE 23
VOOM VOOM	DARTH VADER'S AND LUKE SKYWALKER'S LIGHTSABERS COMING ON	243	DEC 1983	PAGE 42
VOOMAROOMA	MAN GOING DOWN A HILL IN A TWO-WHEEL DEVICE	222	APRIL 1981	PAGE 31
VOW	AIRPLANE LIFTING OFF	93	MAR 1965	PAGE 7
VOWM	AIRBOAT	122	OCTOBER 1968	PAGE 9
VOWM	SPEEDING MOTORCYCLE	185	SEPT 1976	PAGE 11
VROOM	CROP DUSTER	263	JUNE 1986	PAGE 35
VROOM	CAR	135	JUNE 1970	PAGE 29
VROOM VROOM	A HOTEL MAID RUNNING A VACUUM CLEANER	222	APRIL 1981	PAGE 11
VROON	AIRBOAT	122	OCTOBER 1968	PAGE 9
VROOON VREEN VOWN	CARS PASSING A HITCHHIKER UP	69	MARCH 1962	PAGE 48
VWOO	JANE SWINGING ON A VINE	228	JAN 1982	PAGE 10
WAK (NINE TIMES)	ESKIMO BEATING A FISH	178	OCT 1975	PAGE 48
WALK	GENTEEL BEN LOOKING AT FEMALE BEAR	122	OCTOBER 1968	PAGE 8
WAM WAM WAM WAM WAM	HAMMERING SIGN	196	JAN 1978	PAGE 25
WAP	MAN KICKING WOMAN OF A BUILDING LEDGE	215	JUNE 1980	BACK COVER
WAP WAP WAP WAP	MAN DRIVING A STAKE INTO DRACULA	213	MARCH 1980	PAGE 16
WAWKLE!!!	GAGGED MAN TRYING TO TALK	272	JULY 1987	PAGE 43
WEE HAAH	INDIANS ON THE WARPATH	121	SEPTEMBER 1968	PAGE 15
WEE WEE WEE WEE WEE	POLICE SIREN	185	SEPT 1976	PAGE 12
WEE WEE WEE WEE WEE WEE WEE	POLICE SIREN	185	SEPT 1976	PAGE 11
WEEEEEEE	EMERGENCY WARNING SYSTEM ALERT	238	APRIL 1983	PAGE 12
WEEEOOOOWEEEOOO WEEEOOOO WEEOOOO WEEEOOOOWEE	POLICE OR FIRE SIREN	215	JUNE 1980	BACK COVER
WEEEOOOWEEEOOOWEE	AMBULANCE SIREN	197	MAR 1978	PAGE 37
WEEOOWEEEOOOO WEEEOOOO	FIRE TRUCK SIREN	219	DEC 1980	PAGE 14
WEEOOWEEOOOO	POLICE MOTORCYCLE SIREN	222	APRIL 1981	PAGE 31
WHAK DINK KLANK KLING DOINK PLOP	BASEBALL BOUNCING IN ENCLOSED STADIUM	107	DEC 66	PAGE 28
WHAM WHAM WHAM WHAM WHAM	USING COCONUT TO NAIL SIGN TO PALM TREE	190	APR 1977	PAGE 32
WHAM PLAM KLOON BOONG KLOONG POONG KAPLAM SPMAM	BOY KICKING THE HECK OUT OF A VENDING TYPE MACHINE	255	JUNE 1985	PAGE 48
WHAP	A LADY SLEEPING BANNER WHILE SLEEPING	221	MARCH 1981	PAGE 16
WHAP!	MAN GETTING HIT UPSIDE THE HEAD BY WIFE	99	DEC 1965	PAGE 9
WHAP SPMAMP WUNK KACHONK	SCHOOLBOY BEING BEATEN TO A PULP BY OTHER CLASSMATES	244	JAN 1984	PAGE 23
WHEEAH! WHEEAH!	MAN IN PSYCHIATRIST OFFICE THINKING HE'S A HORSE	66	OCTOBER 1961	PAGE 9
WHIR WHIR WHIR WHIR	WINDOW WASHERS SAFETY BUCKET	212	JAN 1980	PAGE 12
WHIR! SNIP WHIRR SNIP	TAPE BEING PULLED FROM TAPE DISPENSER AND CHOPPED OFF, THEN STRING BEING UNSPOOLED FROM SAME DISPENSER AND CLIPPED OFF	60	JAN 1961	7-8
WHIRR	MOVIE CAMERA ROLLING	140	JAN 1971	PAGE 11
WHIRR WHIRR	MOVIE CAMERA	140	JANUARY 1971	PAGE 11
WHIRR! SNIP WHIRR! SNAP!	TONGUE BEING PULLED FROM BOSS'S HEAD AND CHOPPED OFF USING HIS TEETH, THEN SINGLE HAIR STRETCHED FROM SAME HEAD AND CLIPPED OFF	60	JAN 1961	7-8
WHISK	PRINCE LIFTING PRINCESS INTO HIS ARMS	91	DEC 1964	PAGE 19
WHOMP CHOMP RIP SKLIK URP GLORK	HUNGRY CAVE FAMILY EATING	153	SEP 1972	PAGE 17
WHOOOOOOOO	INDIANS MAKING NOISES	121	SEPTEMBER 1968	PAGE 14
WHOOSH	GUST OF WIND	224	JULY 1981	PAGE 16
WINK WINK	EYE WINKING	95	JUNE 1965	PAGE 28
WINK-WINK WINKITY WINK BLINK	CHIMPANZEE WINKING	119	JUN 68	PAGE 10
WONG THUK!	LITTLE JOHN SHOOTING ARROW AT A GALLOWS	71	JUNE 1962	PAGE 29
WONK	PRISONER PUNCHING GUARD	176	JULY 1975	PAGE 15
WOOOSH	MAGIC CARPET LEVITATING QUICKLY	161	SEPT 1973	PAGE 21
WOOOSH (4 TIMES)	TARZAN SWINGING ON A VINE	119	JUN 68	10-11
WOOPWOOPWOOP	INDIANS ON THE WARPATH	121	SEPTEMBER 1968	PAGE 15
WUNK	DOCTOR KICKING A TV SET AND A PATIENT	175	JUNE 1975	PAGE 42
WUNK	PRISONER PUNCHING GUARD	176	JULY 1975	PAGE 14
WUNK	PEOPLE HITTING HIJACKER	264	JULY 1986	PAGE 36
XMNG!	MAN SWEARING	31	FEBRUARY 1957	PAGE 29
YAAH	INDIANS GETTING SHOT	121	SEPTEMBER 1968	PAGE 15
YAAUGH	PEOPLE VOMITING	266	OCTOBER 1986	PAGE 48
YAHHAH	LAUGHTER	261	MARCH 1986	PAGE 42
YAK	INDIANS GETTING SHOT	121	SEPTEMBER 1968	PAGE 15
YARG!	BRIDE AND GROOM FIGHTING	265	SEPTEMBER 1986	PAGE 32
YARGH	INDIANS GETTING SHOT	121	SEPTEMBER 1968	PAGE 15
YEECH!	FAY WRAY	262	APRIL 1986	PAGE 23
YING YING	MASK RUBBER STRAP STRETCHING	87	JUNE 1964	PAGE 10
YIP-YIP	INDIANS ON THE WARPATH	121	SEPTEMBER 1968	PAGE 15
YIP-YIP-YIP	INDIANS ON THE WARPATH	121	SEPTEMBER 1968	PAGE 15
YOWYOWYOW	INDIANS ON THE WARPATH	121	SEPTEMBER 1968	PAGE 15
YUKKLE YUK	LAUGHTER	261	MARCH 1986	PAGE 42
ZAP	TONGUE PROJECTING OUT TO SNATCH FLY	91	DEC 1964	PAGE 19
ZAP GING GING TWONG SPLAT	TWO FROGS CATCHING EACH OTHER WITH TONGUES	118	APR 68	16-17
ZAP POW	LIGHTNING HITTING PEOPLE	133	MARCH 1970	PAGE 15
ZAT	BAND-AID RIPPING OFF SKIN	167	JUNE 1974	PAGE 37
ZAZIK, KATOONG,SPROING	LEVER BEING DEPRESSED THEN FLINGING HAN SOLO FROM HIS FROZEN TOOMB	243	DEC 1983	PAGE 40
ZEEM	RIDER FALLING	274	OCTOBER 1987	PAGE 12
ZIK ZIK ZIK	RUBBING TWIGS TOGETHER	181	MAR 1976	PAGE 48
ZIK ZOCK FOON FIT KLUNK	SOFA UN-FOLDING	152	JUL 1972	PAGE 13
ZIKKA ZAZZIK ZIK ZIK ZIK ZIK ZAZIK ZIK ZIZZAK	MAN DIALING A TELEPHONE	231	JUNE 1982	PAGE 31
ZIKZIKZIK	MAN DIALING TELEPHONE WITH HIS NOSE	272	JULY 1987	PAGE 43
ZIKZIKZIKZIKZIKZIK	MAN DIALING TELEPHONE WITH HIS NOSE	272	JULY 1987	PAGE 43
ZIP	BUG HIDING	172	JAN 1975	PAGE 12
ZIP	ZIPPING CANNONBALLER SUIT	177	SEPT 1975	PAGE 48
ZIT MOP FLOOM FAK SWAT	TABLE AND CHAIRS UN-FOLDING	152	JUL 1972	PAGE 12
ZIT ZITZIZIZIZZZZZZ	SPIDERMAN SLIPPING DOWN A BUILDING	212	JAN 1980	PAGE 13
ZIT-SREEK SKRAK ZIDIT- POW	DRILLING THROUGH CEILING INTO HUMAN HEAD WITH DRILL DYING	87	JUNE 1964	PAGE 40
ZIT-ZIT-ZIT- ZIT-ZAT-ZAT SWIZAP!	WAITER SLICING HAM	127	JUNE 1969	PAGE 28
ZIZ	TAPE MEASURE GOING OUT	156	JAN 1973	PAGE 18
ZIZAZIK ZIK-ZIK ZIZZAK ZIKA-ZIKA	MAN DIALING PUSH BUTTON PHONE	201	SEP 1978	PAGE 48
ZLITZ... PLORF	SNOOPY FALLING ASLEEP ON AN ICY ROOF	210	OCT 1979	PAGE 22
ZOOO TWEEE	BULLETS WHIZZING AND RICOCHETING	179	DEC 1975	PAGE 48
ZOOT	UN-ZIPPING ZIPPER	152	JUL 1972	12-13
ZOWM	A CANNONBALL BEING TOSSED	83	DEC 1963	PAGE 11
ZOWM	TRUCK	135	JUNE 1970	PAGE 29
ZOWNT	VACUUM/POWER SANDER	156	JAN 1973	PAGE 20
ZWEECH	THE PHANTOM CLOSING THE ZIPPER ON HIS PURPLE BODY SUIT	210	OCT 1979	PAGE 23
ZWEEN	SWORD	271	JUNE 1987	PAGE 48
ZWEET	CIVIL WAR SWORD PULLED FROM SCABBARD	163	DEC 1973	PAGE 21
ZWIT FAT	KID PULLING RADIO CORD THROUGH EAR	114	OCT 67	PAGE 9
ZWIT GLAP ZWOT TINK	LIGHT FIXTURE UN-FOLDING	152	JUL 1972	PAGE 12
ZWIT ZWIT ZWIT	BANK ROBBER TURNING SAFE DIAL	222	APRIL 1981	PAGE 48
ZWIT-SPROING	MAN PULLING STRING AND BOXING GLOVE LEAVING HAT	126	APRIL 1969	PAGE 13
ZZIP	ESKIMO UNZIPPING SUIT	170	OCT 1974	PAGE 48
ZZT-CHOMP	BEE BUZZING THEN GETTING EATEN	172	JAN 1975	PAGE 13
ZZZ GLAP	FROG SWALLOWING BUG	196	JAN 1978	BACK COVER
ZZZ ZZZZZZZ ZZZZZZZZ	BEE BUZZING	172	JAN 1975	12-13
ZZZZ	FLY BUZZING	91	DEC 1964	PAGE 19
ZZZZ ZZT-ZNIK SNUFFLE SNORK	SNORING	142	APR 1971	PAGE 29
ZZZZ ZZZZ ZZZZ	LADY SLEEPING DURING CHESS GAME	194	OCT 1977	PAGE 39
ZZZZ ZZZZ ZZZZ ZGLUK	SLEEPING FELLOW HAVING A FISH TOSSED DOWN HIS THROAT	72	JULY 1962	PAGE 9
ZZZZOOWNT	DRILLING THROUGH A FENCE	94	APRIL 1965	PAGE 33
ZZZZZ	GOLF BALL LEAVING TEE	125	MARCH 1969	PAGE 12
ZZZZZZ	TEETH LEAVING CADDY'S MOUTH	125	MARCH 1969	PAGE 12
ZZZZZZ	POWER SAW AND DRILL	156	JAN 1973	PAGE 18
ZZZZZZZ	GOLF BALL LEAVING WATER	125	MARCH 1969	PAGE 13
ZZZZZZZ	DOCTOR SLEEPING	128	JULY 1969	PAGE 35
ZZZZZZZZ	DRILLING INTO CEILING	87	JUNE 1964	PAGE 40
ZZZZZZZZZ	MAN FALLING DOWN WELL	98	OCT 1965	PAGE 12
ZZZZZZZZZZZ	FLY	41	SEPTEMBER 1958	PAGE 23
ZZZZZZZZZZZ	THREE GIRLS SLEEPING	200	JUL 1978	PAGE 14
