team,player,title,artist
Baltimore Orioles,Pedro Araujo,Mi Cumpleaño,Secreto El Famoso Biberon
Baltimore Orioles,Richard Bleier,Breed,Nirvana
Baltimore Orioles,Dylan Bundy,Answer to No One (feat. JJ Lawhorn),Colt Ford
Baltimore Orioles,Andrew Cashner,Boys From Oklahoma,Cross Canadian Ragweed
Baltimore Orioles,Miguel Castro,Aqui No Hay Miedo,El Batallon
Baltimore Orioles,Chris Davis,Light Up the Sky,Thousand Foot Krutch
Baltimore Orioles,Mychal Givens,Ready or Not,Fugees
Baltimore Orioles,Hunter Harvey,Real American,Rick Derringer
Baltimore Orioles,Austin Hays,DNA.,Kendrick Lamar
Baltimore Orioles,David Hess,Coming In Hot,Andy Mineo
Baltimore Orioles,Nate Karns,La Grange - 2005 Remaster,ZZ Top
Baltimore Orioles,Trey Mancini,Another Day in Paradise,Quinn XCII
Baltimore Orioles,Joey Rickard,"You Cant Hide, You Cant Run",Dilated Peoples
Baltimore Orioles,Chance Sisco,Loud and Heavy,Cody Jinks
Baltimore Orioles,Jesus Sucre,Look Alive (feat. Drake),BlocBoy JB
Baltimore Orioles,Jesus Sucre,Los Bandoleros (feat. Tego Calderon),Don Omar
Baltimore Orioles,Mark Trumbo,Black Honey,Thrice
Baltimore Orioles,Mike Wright Jr.,Rock Steady,The Whispers
Baltimore Orioles,Austin Wynns,Flashing Lights,Kanye West
Baltimore Orioles,Jimmy Yacabonis,La Grange - 1999 Remaster,ZZ Top
Los Angeles Angels,Cody Allen,Gods Gonna Cut You Down,Johnny Cash
Los Angeles Angels,Justin Anderson,Thug,Slim Thug
Los Angeles Angels,Peter Bourjos,"John Cougar, John Deere, John 3:16",Keith Urban
Los Angeles Angels,Justin Bour,Here Comes The Night,DJ Snake
Los Angeles Angels,Jose Briceno,Party Bobba - Mowgli Remix,DJ Rocca
Los Angeles Angels,Ty Buttrey,Slow Ride,Foghat
Los Angeles Angels,Kole Calhoun,No Limit (feat. A$AP Rocky & Cardi B),G-Eazy
Los Angeles Angels,Griffin Canning,6s to 9s (feat. Rationale),Big Wild
Los Angeles Angels,Kaleb Cowart,Lake Of Fire,Nirvana
Los Angeles Angels,Zack Cozart,Aint Nothing Wrong with That,Robert Randolph & The Family Band
Los Angeles Angels,David Fletcher,Crown,Neffex
Los Angeles Angels,Luis Garcia,Enemy,Jose Reyes
Los Angeles Angels,Dustin Garneau,Hair Up,Justin Timberlake
Los Angeles Angels,Brian Goodwin,Hussle & Motivate,Nipsey Hussle
Los Angeles Angels,Andrew Heaney,Under Pressure,Logic
Los Angeles Angels,Michael Hermosillo,The Ways (with Swae Lee),Khalid
Los Angeles Angels,Jonathan Lucroy,Coming In Hot,Andy Mineo
Los Angeles Angels,Keynan Middleton,Fireman - Album Version (Edited),Lil Wayne
Los Angeles Angels,Shohei Ohtani (Batting),Main Title - From The Game Of Thrones Soundtrack,Ramin Djawadi
Los Angeles Angels,Shohei Ohtani (Pitching),Do Or Die - Afrojack vs. THIRTY SECONDS TO MARS Remix,Afrojack
Los Angeles Angels,Albert Pujols,Dont Waste Your Life,Lecrae
Los Angeles Angels,JC Ramirez,Machika,J Balvin
Los Angeles Angels,Noe Ramirez,Rude Boy / Reggae Dub 12,Johnny Clarke
Los Angeles Angels,Luis Rengifo,Pin Pon,Liro Shaq
Los Angeles Angels,Hansel Robles,Rest In Peace (Undertaker),WWE
Los Angeles Angels,Andrelton Simmons,Blessings,Big Sean
Los Angeles Angels,Tyler Skaggs,Hail Mary - Album Version (Edited),2Pac
Los Angeles Angels,Kevan Smith,Wherever I May Roam,Metallica
Los Angeles Angels,Nick Tropeano,Best Life (feat. Chance The Rapper),Cardi B
Los Angeles Angels,Justin Upton,Emotionless,Drake
St. Louis Cardinals,Harrison Bader,"Pills & Automobiles (feat. Yo Gotti, A Boogie Wit Da Hoodie & Kodak Black)",Chris Brown
St. Louis Cardinals,Matt Carpenter,Long Hot Summer Day,Turnpike Troubadours
St. Louis Cardinals,Paul DeJong,Youve Got Another Thing Coming,Judas Priest
St. Louis Cardinals,Dexter Fowler,Jumpman,Drake
St. Louis Cardinals,Dexter Fowler,Shoot,BlocBoy JB
St. Louis Cardinals,Paul Goldschmidt,We Went,Randy Houser
St. Louis Cardinals,Luke Gregerson,Dead But Rising,Volbeat
St. Louis Cardinals,Jedd Gyorko,Dirt On My Boots,Jon Pardi
St. Louis Cardinals,Carlos Martinez,Los Niños Malos (feat. Ceky Vicini),El Mayor Clasico
St. Louis Cardinals,Jose Martinez,Síguelo Bailando,Ozuna
St. Louis Cardinals,Jose Martinez,Calypso,Round Table Knights
St. Louis Cardinals,Miles Mikolas,When the Levee Breaks - Remastered,Led Zeppelin
St. Louis Cardinals,Andrew Miller,Beat It - Single Version,Michael Jackson
St. Louis Cardinals,Yadier Molina,Viajo Sin Ver - Bonus Track,Jon Z
St. Louis Cardinals,Yairo Munoz,Rojo,Arcangel
St. Louis Cardinals,Marcell Ozuna,"Tu No Metes Cabra Remix (feat. Daddy Yankee, Anuel AA & Cosculluela)",Bad Bunny
St. Louis Cardinals,Marcell Ozuna,Suave,El Alfa
St. Louis Cardinals,Marcell Ozuna,Raputin,El Alfa
St. Louis Cardinals,Alex Reyes,No Problem (feat. Lil Wayne & 2 Chainz),Chance the Rapper
St. Louis Cardinals,Drew Robinson,Black Out,French Montana
St. Louis Cardinals,Chasen Shreve,Breathe,Fabolous
St. Louis Cardinals,Michael Wacha,What They Want,Russ
St. Louis Cardinals,Adam Wainwright,Song of the South,Alabama
St. Louis Cardinals,Kolten Wong,I Do What I Do,Landon McNamara
Texas Rangers,Elvis Andrus,Baby Shark,Pinkfong
Texas Rangers,Jett Bandy,Lord Pretty Flacko Jodye 2 (LPFJ2),A$AP Rocky
Texas Rangers,Matt Bush,Fireman - Album Version (Edited),Lil Wayne
Texas Rangers,Eddie Butler,Dirt On My Boots,Jon Pardi
Texas Rangers,Asdrubal Cabrera,Mi Forma de Ser,Farruko
Texas Rangers,Jesse Chavez,Grindin,Clipse
Texas Rangers,Shin-Soo Choo,MIA (feat. Drake),Bad Bunny
Texas Rangers,Matt Davidson,Believer,Imagine Dragons
Texas Rangers,Delino DeShields,Rappers Delight,The Sugarhill Gang
Texas Rangers,Delino DeShields,Got To Give It Up (Part 1),Marvin Gaye
Texas Rangers,Delino DeShields,Hip Hop Hooray,Naughty By Nature
Texas Rangers,Logan Forsythe,"Bulls on Parade - Live at the Grand Olympic Auditorium, Los Angeles, CA - September 2000",Rage Against The Machine
Texas Rangers,Joey Gallo,Pure Water (with Migos),Mustard
Texas Rangers,Joey Gallo,Reggaeton,J Balvin
Texas Rangers,Joey Gallo,Pony,Ginuwine
Texas Rangers,Joey Gallo,No Diggity,Blackstreet
Texas Rangers,Joey Gallo,They Dont Know,Jason Aldean
Texas Rangers,Joey Gallo,Adictiva,Daddy Yankee
Texas Rangers,Ronald Guzman,Con Calma,Daddy Yankee
Texas Rangers,Ronald Guzman,Entro Con la U,Liro Shaq
Texas Rangers,Isiah Kiner-Falefa,Attention Span,Rebelution
Texas Rangers,Isiah Kiner-Falefa,More Energy,Rebelution
Texas Rangers,Jose Leclerc,Real Guerrero,Secreto El Famoso Biberon
Texas Rangers,Chris Martin,Give Me Back My Hometown,Eric Church
Texas Rangers,Jeff Mathis,Midnight Train To Memphis,Chris Stapleton
Texas Rangers,Nomar Mazara,Wow.,Post Malone
Texas Rangers,Nomar Mazara,Bubalu,Becky G
Texas Rangers,Mike Minor,What I Live For,Rob Bailey & The Hustle Standard
Texas Rangers,Adam Moore,Kick It In The Sticks,Brantley Gilbert
Texas Rangers,Rougned Odor,Te de Campana,Atomic Otro Way
Texas Rangers,Rougned Odor,Hoy Me Desacato,Bulova
Texas Rangers,Hunter Pence,Thunder,Imagine Dragons
Texas Rangers,Ryan Rua,Lets Roll,Yelawolf
Texas Rangers,Ryan Rua,X (with 2 Chainz & Saudi),ScHoolboy Q
Texas Rangers,Drew Smyly,Black Eyes,Bradley Cooper
Texas Rangers,Carlos Tocci,Déjala que vuelva (feat. Manuel Turizo),Piso 21
Miami Marlins,Jorge Alfaro,Dale Vieja Dale,Toño Rosario
Miami Marlins,Pedro Alvarez,Juicy,The Notorious B.I.G.
Miami Marlins,Brian Anderson,Heathens,Twenty One Pilots
Miami Marlins,Austin Brice,Silvera,Gojira
Miami Marlins,Lewis Brinson,You Ready,RJMrLA
Miami Marlins,Lewis Brinson,White Sand,Migos
Miami Marlins,Garrett Cooper,Saint,Huncho Jack
Miami Marlins,Curtis Granderson,Word Up,Cameo
Miami Marlins,Rosell Herrera,Si No Estas Jnto a Mi,Tercer Cielo
Miami Marlins,Bryan Holaday,Holidae In - Edit,Chingy
Miami Marlins,JT Riddle,Dirt On My Boots,Jon Pardi
Miami Marlins,Yadiel Rivera,Antes de Morirme,Miky Woodz
Miami Marlins,Miguel Rojas,Machika,J Balvin
Miami Marlins,Miguel Rojas,Gods Plan,Drake
Miami Marlins,Sergio Romo,El Mechón,Banda Sinaloense MS de Sergio Lizárraga
Miami Marlins,Caleb Smith,Thunderstruck,AC/DC
Miami Marlins,Neil Walker,The Ocean - 2012 Remaster,Led Zeppelin
New York Yankees,Dellin Betances,MIDDLE CHILD,J. Cole
New York Yankees,Greg Bird,forever free,San Holo
New York Yankees,Zack Britton,For Those About to Rock (We Salute You),AC/DC
New York Yankees,Luis Cessa,Obsesionado,Farruko
New York Yankees,Aroldis Chapman,Wake Up,Rage Against The Machine
New York Yankees,Aroldis Chapman,La Gozadera,Gente De Zona
New York Yankees,Jacoby Ellsbury,Taste (feat. Offset),Tyga
New York Yankees,Clint Frazier,Old Town Road,Lil Nas X
New York Yankees,Brett Gardner,What Makes You Country,Luke Bryan
New York Yankees,Domingo German,Porque Sera,Kapuchino
New York Yankees,Chad Green,Someday - Album Version (Edited),Flipsyde
New York Yankees,J.A. Happ,Take It All Back 2.0,Judah & the Lion
New York Yankees,Aaron Hicks,Everybody Mad,O.T. Genasis
New York Yankees,Aaron Hicks,Return of the Mack,Mark Morrison
New York Yankees,Kyle Higashioka,I Was Made For Lovin You,KISS
New York Yankees,Jonathan Holder,Blue Collar Boys,Frank Foster
New York Yankees,Aaron Judge,Pure Water (with Migos),Mustard
New York Yankees,Aaron Judge,Baila Baila Baila,Ozuna
New York Yankees,Tommy Kahnle,Blue on Black,Five Finger Death Punch
New York Yankees,DJ LeMahieu,Speed It Up,Gunna
New York Yankees,Jonathan Loaisiga,Mi tesoro (feat. Nicky Jam),Zion & Lennox
New York Yankees,Jordan Montgomery,Look Alive (feat. Drake),BlocBoy JB
New York Yankees,Adam Ottavino,Alive (nightmare) - Album Version (Edited),Kid Cudi
New York Yankees,James Paxton,Coming In Hot,Andy Mineo
New York Yankees,Austin Romine,Black Dog - Remaster,Led Zeppelin
New York Yankees,Austin Romine,Do Your Worst,Rival Sons
New York Yankees,CC Sabathia,Big Poppa - Radio Edit,The Notorious B.I.G.
New York Yankees,Gary Sanchez,Nadie Se Meta,Ala Jaza
New York Yankees,Luis Severino,Guaya Guaya,Don Omar
New York Yankees,Giancarlo Stanton,"Splash Warning (feat. Future, Roddy Ricch and Young Thug)",Meek Mill
New York Yankees,Stephen Tarpley,The World Is Yours,Nas
New York Yankees,Mike Tauchman,Through The Wire - Album Version (Edited),Kanye West
New York Yankees,Gleyber Torres,Que Bueno Baila Usted,Oscar DLeón
New York Yankees,Gleyber Torres,La Player (Bandolera),Zion & Lennox
New York Yankees,Troy Tulowitzki,The Man,Aloe Blacc
New York Yankees,Gio Urshela,Where I Belong,Building 429
New York Yankees,Luke Voit,Air Force Ones,Nelly
New York Yankees,Tyler Wade,way back,Travis Scott
Detroit Tigers,Victor Alcantara,Sin Ti,Alex Zurdo
Detroit Tigers,Sandy Baez,Este Es el Tiempo,Nanci Amancio
Detroit Tigers,Gordon Beckham,Burning Man,Dierks Bentley
Detroit Tigers,Matthew Boyd,Black Eyes,Bradley Cooper
Detroit Tigers,Jeimer Candelario,Tu Bondad,New Wine
Detroit Tigers,Jeimer Candelario,Esta Fiesta,Alex Linares
Detroit Tigers,Ryan Carpenter,Levels,Avicii
Detroit Tigers,Harold Castro,Dicen en la Calle,Omega
Detroit Tigers,Brandon Dixon,Holdin On,Flume
Detroit Tigers,Brandon Dixon,Moonlight,Tribal Seeds
Detroit Tigers,Brandon Dixon,Some Minds (feat. Andrew Wyatt),Flume
Detroit Tigers,Buck Farmer,Keep Your Hands to Yourself,The Georgia Satellites
Detroit Tigers,Buck Farmer,Long Hot Summer Day,Turnpike Troubadours
Detroit Tigers,Reed Garrett,Here Comes the Hotstepper - Heartical Mix,Ini Kamoze
Detroit Tigers,Niko Goodrum,Goat,G Cinco
Detroit Tigers,Niko Goodrum,Grinding All My Life,Nipsey Hussle
Detroit Tigers,Niko Goodrum,Whats It Gonna Be (feat. Janet Jackson),Busta Rhymes
Detroit Tigers,Shane Greene,Square Dance,Eminem
Detroit Tigers,Grayson Greiner,Congratulations,Post Malone
Detroit Tigers,Grayson Greiner,Stairway to Heaven - Remaster,Led Zeppelin
Detroit Tigers,Blaine Hardy,High Road (feat. John Legend),Fort Minor
Detroit Tigers,Josh Harrison,Before I Let Go,Maze & Frankie Beverly
Detroit Tigers,Josh Harrison,Turn My Swag On,Soulja Boy
Detroit Tigers,Josh Harrison,Knuck If You Buck (feat. Lil Scrappy),Crime Mob
Detroit Tigers,Josh Harrison,Last Time That I Checcd (feat. YG),Nipsey Hussle
Detroit Tigers,Josh Harrison,Down For My Ns,C-Murder
Detroit Tigers,John Hicks,Ruff Ryders Anthem,DMX
Detroit Tigers,Eduardo Jimenez,Delincuente,Farruko
Detroit Tigers,JaCoby Jones,sweet sweet,Travis Scott
Detroit Tigers,Mikie Mahtook,They Know (Dey Know),Shawty Lo
Detroit Tigers,Jordy Mercer,Dangerous (feat. Jeremih and PnB Rock),Meek Mill
Detroit Tigers,Matt Moore,King Nothing,Metallica
Detroit Tigers,Daniel Norris,When I Go,Ben Harper
Detroit Tigers,Dustin Peterson,Sanctuary - White Zoo Remix,Elizaveta
Detroit Tigers,Zac Reininger,House Fire,Tyler Childers
Detroit Tigers,Tyson Ross,Praise The Lord (Da Shine) (feat. Skepta),A$AP Rocky
Detroit Tigers,Gregory Soto,Pa Jamaica,El Alfa
Detroit Tigers,Christin Stewart,Going Bad (feat. Drake),Meek Mill
Detroit Tigers,Christin Stewart,Victory Lap (feat. Stacy Barthe),Nipsey Hussle
Detroit Tigers,Daniel Stumpf,The Winding Stair Mountain Blues,Turnpike Troubadours
Detroit Tigers,Drew Verhagen,Bloom,ODESZA
Detroit Tigers,Jordan Zimmermann,Creepin,Eric Church
Atlanta Braves,Ronald Acuna Jr.,La Player (Bandolera),Zion & Lennox
Atlanta Braves,Ronald Acuna Jr.,5 Mujeres,Jose Reyes
Atlanta Braves,Ronald Acuna Jr.,Estamos Bien,Bad Bunny
Atlanta Braves,Ozzie Albies,Blue Notes,Meek Mill
Atlanta Braves,Johan Camargo,Estamos Bien,Bad Bunny
Atlanta Braves,Shane Carle,Voodoo Child (Slight Return),Jimi Hendrix
Atlanta Braves,Charlie Culberson,For The First Time,Darius Rucker
Atlanta Braves,Josh Donaldson,Put On - Album Version (Edited),Jeezy
Atlanta Braves,Pedro Florimon,Creere,Tercer Cielo
Atlanta Braves,Tyler Flowers,This Girl (Kungs Vs. Cookin On 3 Burners) - Kungs Vs. Cookin On 3 Burners,Kungs
Atlanta Braves,Mike Foltynewicz,Sky Is the Limit,Rebelution
Atlanta Braves,Freddie Freeman,Let The Drummer Kick,Citizen Cope
Atlanta Braves,Max Fried,MIDDLE CHILD,J. Cole
Atlanta Braves,Kevin Gausman,Money,Pink Floyd
Atlanta Braves,Luiz Gohara,Im so Groovy,Future
Atlanta Braves,Ender Inciarte,Back In The City,Alejandro Sanz
Atlanta Braves,Alex Jackson,El Amante,Nicky Jam
Atlanta Braves,Ryan LaMarre,Up Down (feat. Florida Georgia Line),Morgan Wallen
Atlanta Braves,Jacob Lindgren,Back On Road,Gucci Mane
Atlanta Braves,Raffy Lopez,Sweat (A La La La La Long),Inner Circle
Atlanta Braves,Nick Markakis,Deliverance,Bubba Sparxxx
Atlanta Braves,Brian McCann,Thunder,Imagine Dragons
Atlanta Braves,A.J. Minter,Thunderstruck,AC/DC
Atlanta Braves,Sean Newcomb,By The Way - Album Version (Edited),Jeezy
Atlanta Braves,Jose Ramirez,Come with Me Now,KONGOS
Atlanta Braves,Austin Riley,Hot In Herre,Nelly
Atlanta Braves,Mike Soroka,Even Flow,Pearl Jam
Atlanta Braves,Mike Soroka,I Dont Wanna Stop,Ozzy Osbourne
Atlanta Braves,Dansby Swanson,The Recession (Intro) - Album Version (Edited),Jeezy
Atlanta Braves,Dansby Swanson,They Know (Dey Know),Shawty Lo
Atlanta Braves,Dansby Swanson,Kryptonite,Killer Mike
Atlanta Braves,Anthony Swarzak,Cochise,Audioslave
Atlanta Braves,Julio Teheran,El Centurión de la Noche,Joe Arroyo
Atlanta Braves,Chase Whitley,Lift Your Head Weary Sinner (Chains),Crowder
Atlanta Braves,Daniel Winkler,Song of Deliverance,Zach Williams
Tampa Bay Rays,Willy Adames,Old Town Road,Lil Nas X
Tampa Bay Rays,Willy Adames,No Hay Limite,Miky Woodz
Tampa Bay Rays,Jose Alvarado,Sax to Me,DJ Seven
Tampa Bay Rays,Christian Arroyo,Step into a World (Raptures Delight),KRS-One
Tampa Bay Rays,Christian Arroyo,Stick to the Models,Future
Tampa Bay Rays,Jalen Beeks,Where I Belong,Building 429
Tampa Bay Rays,Anthony Bemboom,Thief,Ookay
Tampa Bay Rays,Diego Castillo,Say Yes (ft. Beyoncé & Kelly Rowland),Michelle Williams
Tampa Bay Rays,Yonny Chirinos,Creere,Tercer Cielo
Tampa Bay Rays,Yandy Diaz,Zero,Farruko
Tampa Bay Rays,Matt Duffy,When the Levee Breaks - Remastered,Led Zeppelin
Tampa Bay Rays,Jake Faria,Gods Gonna Cut You Down,Johnny Cash
Tampa Bay Rays,Avisail Garcia,MIA (feat. Drake),Bad Bunny
Tampa Bay Rays,Avisail Garcia,Con Calma,Daddy Yankee
Tampa Bay Rays,Tyler Glasnow,MVP,Big L
Tampa Bay Rays,Guillermo Heredia,Asere Que Bola,Jacob Forever
Tampa Bay Rays,Adam Kolarek,Breed,Nirvana
Tampa Bay Rays,Austin Meadows,Coming In Hot,Andy Mineo
Tampa Bay Rays,Charlie Morton,Palmetto Rose,Jason Isbell
Tampa Bay Rays,Emilio Pagan,Bad Man (feat. Austin Jenckes),Esterly
Tampa Bay Rays,Michael Perez,Callao,Wisin & Yandel
Tampa Bay Rays,Colin Poche,Nice to Know You,Incubus
Tampa Bay Rays,Chaz Roe,Hail to the King,Avenged Sevenfold
Tampa Bay Rays,Casey Sadler,HARD LOVE (feat. Lauren Daigle),NEEDTOBREATHE
Tampa Bay Rays,Blake Snell,Mob Ties,Drake
Tampa Bay Rays,Ryne Stanek,Still D.R.E. - Instrumental,Dr. Dre
Tampa Bay Rays,Joey Wendle,Whole Lotta Love - 1990 Remaster,Led Zeppelin
Tampa Bay Rays,Hunter Wood,Gods Country,Blake Shelton
Tampa Bay Rays,Ryan Yarbrough,Ladies And Gentlemen,Saliva
Tampa Bay Rays,Mike Zunino,I Wont Back Down,Tom Petty
Kansas City Royals,Scott Barlow,Loyal,ODESZA
Kansas City Royals,Brad Boxberger,Gods Gonna Cut You Down,Johnny Cash
Kansas City Royals,Jake Diekman,Lo/Hi,The Black Keys
Kansas City Royals,Hunter Dozier,Air I Breathe,Mat Kearney
Kansas City Royals,Danny Duffy,Feeling Alright,Rebelution
Kansas City Royals,Cam Gallagher,Blue Notes,Meek Mill
Kansas City Royals,Alex Gordon,Hell & Back,Kid Ink
Kansas City Royals,Kelvin Gutierrez,Pa Jamaica (Remix),El Alfa
Kansas City Royals,Billy Hamilton,WIFI LIT,Future
Kansas City Royals,Billy Hamilton,Suge,DaBaby
Kansas City Royals,Billy Hamilton,Before I Let Go - Edit/Remastered,Maze
Kansas City Royals,Brad Keller,Whatever It Takes,Imagine Dragons
Kansas City Royals,Ian Kennedy,Sad But True,Metallica
Kansas City Royals,Ben Lively,Southern Man - Remastered Version,Neil Young
Kansas City Royals,Nicky Lopez,Good Life,Kanye West
Kansas City Royals,Richard Lovelady,Kashmir - 2012 Remaster,Led Zeppelin
Kansas City Royals,Martin Maldonado,Desde el Corazón,Bad Bunny
Kansas City Royals,Martin Maldonado,Con Calma,Daddy Yankee
Kansas City Royals,Whit Merrifield,Boombastic,Shaggy
Kansas City Royals,Adalberto Mondesi,La Vuelta,Secreto El Famoso Biberon
Kansas City Royals,Adalberto Mondesi,La Romana,Bad Bunny
Kansas City Royals,Jake Newberry,Dont Let Me Down - Illenium Remix,The Chainsmokers
Kansas City Royals,Ryan O'Hearn,Intergalactic - Remastered,Beastie Boys
Kansas City Royals,Ryan O'Hearn,Body,Loud Luxury
Kansas City Royals,Chris Owings,Gettin Warmed Up,Jason Aldean
Philadelphia Phillies,Jake Arrieta,Clubbed to Death - Kurayamino Variation,Rob Dougan
Philadelphia Phillies,Jay Bruce,Hype,Drake
Philadelphia Phillies,Zach Eflin,Free Bird,Lynyrd Skynyrd
Philadelphia Phillies,Maikel Franco,Mi Cumpleaño,Secreto El Famoso Biberon
Philadelphia Phillies,Bryce Harper,Flower,Moby
Philadelphia Phillies,Cesar Hernandez,Creo En Ti,Julio Melgar
Philadelphia Phillies,Cesar Hernandez,Viva Venezuela,Un Solo Pueblo
Philadelphia Phillies,Rhys Hoskins,Attention Span,Rebelution
Philadelphia Phillies,Scott Kingery,Let Me Clear My Throat - Old School Reunion Remix 96,DJ Kool
Philadelphia Phillies,Andrew Knapp,Holdin On,Flume
Philadelphia Phillies,Adam Morgan,My Kinda Party,Jason Aldean
Philadelphia Phillies,Aaron Nola,I Am Second,Newsboys
Philadelphia Phillies,Nick Pivetta,Show Me How to Live,Audioslave
Philadelphia Phillies,David Robertson,Sweet Home Alabama,Lynyrd Skynyrd
Philadelphia Phillies,Jean Segura,El Sonido Pesa,Bulova
Philadelphia Phillies,Vince Velasquez,Random,G-Eazy
Philadelphia Phillies,Nick Williams,Hallelujah,Logic
Philadelphia Phillies,Nick Williams,Where the Party At (feat. Nelly),Jagged Edge
Milwaukee Brewers,Jesus Aguilar,"Hoy Me Desacato (Dale Pipo Remix) (feat. Nacho, Noriel & El Alfa)",Bulova
Milwaukee Brewers,Matt Albers,Sleep Now In the Fire,Rage Against The Machine
Milwaukee Brewers,Chase Anderson,Song of Deliverance,Zach Williams
Milwaukee Brewers,Orlando Arcia,Los Niños Malos,Ceky Viciny
Milwaukee Brewers,Orlando Arcia,Amanece,Anuel Aa
Milwaukee Brewers,Jacob Barnes,Bottoms Up,Brantley Gilbert
Milwaukee Brewers,Ryan Braun,Chun Swae (feat. Swae Lee),Nicki Minaj
Milwaukee Brewers,Corbin Burnes,Gods Country,Blake Shelton
Milwaukee Brewers,Lorenzo Cain,Poppin My Collar,Three 6 Mafia
Milwaukee Brewers,Jhoulys Chacin,Criminal,Natti Natasha
Milwaukee Brewers,Jhoulys Chacin,Downtown,Anitta
Milwaukee Brewers,Alex Claudio,Dame Algo,Wisin & Yandel
Milwaukee Brewers,Zach Davies,Its Tricky,Run–D.M.C.
Milwaukee Brewers,Ben Gamel,Rubber Band Man,T.I.
Milwaukee Brewers,Yasmani Grandal,Saxo Suelta Oriente Tribe Vocal Edit,Dj Esli
Milwaukee Brewers,Junior Guerra,Cosa Buena,Tego Calderon
Milwaukee Brewers,Josh Hader,Renegade,Styx
Milwaukee Brewers,Jeremy Jeffress,Fireman - Album Version (Edited),Lil Wayne
Milwaukee Brewers,Corey Knebel,Rocky Mountain Way,Joe Walsh
Milwaukee Brewers,Nate Orf,Heart Upon My Sleeve,Avicii
Milwaukee Brewers,Jake Petricka,The Pretender,Foo Fighters
Milwaukee Brewers,Freddy Peralta,El Tiempo (Remix),Ceky Vicini
Milwaukee Brewers,Freddy Peralta,La Romana,Bad Bunny
Milwaukee Brewers,Hernan Perez,Con Calma,Daddy Yankee
Milwaukee Brewers,Manny Pina,Reggaetón en lo Oscuro,Wisin & Yandel
Milwaukee Brewers,Tyler Saladino,Burning Man (with Post Malone),watt
Milwaukee Brewers,Travis Shaw,Talk That Talk,Rihanna
Milwaukee Brewers,Burch Smith,When the Levee Breaks - Remastered,Led Zeppelin
Milwaukee Brewers,Cory Spangenberg,Gettin Warmed Up,Jason Aldean
Milwaukee Brewers,Brent Suter,Theme From Jurassic Park - From Jurassic Park Soundtrack,John Williams
Milwaukee Brewers,Brent Suter,Spirit in the Sky,Norman Greenbaum
Milwaukee Brewers,Eric Thames,Let the Bridges Burn,Killswitch Engage
Milwaukee Brewers,Taylor Williams,Magic Carpet Ride,Steppenwolf
Milwaukee Brewers,Alex Wilson,Snake Farm,Ray Wylie Hubbard
Milwaukee Brewers,Brandon Woodruff,What Makes You Country,Luke Bryan
Milwaukee Brewers,Christian Yelich,Jungle,Andre Nickatina
New York Mets,Pete Alonso,Welcome to the Show,Cody Johnson
New York Mets,Pete Alonso,The Ocean - 2012 Remaster,Led Zeppelin
New York Mets,Luis Avilan,The Man Comes Around,Johnny Cash
New York Mets,Tyler Bashlor,Bad Company,Five Finger Death Punch
New York Mets,Keon Broxton,Let It Fly (feat. Travis Scott),Lil Wayne
New York Mets,Robinson Cano,Yes Indeed,Lil Baby
New York Mets,Yoenis Cespedes,Quiéreme - Remix,Jacob Forever
New York Mets,Michael Conforto,Nice For What,Drake
New York Mets,J.D. Davis,Put a Date On It (feat. Lil Baby),Yo Gotti
New York Mets,J.D. Davis,Pure Water (with Migos),Mustard
New York Mets,Jacob deGrom,Simple Man,Lynyrd Skynyrd
New York Mets,Edwin Diaz,No Hay Limite,Miky Woodz
New York Mets,Todd Frazier,Fly Me To The Moon (In Other Words),Frank Sinatra
New York Mets,Robert Gsellman,HUMBLE.,Kendrick Lamar
New York Mets,Robert Gsellman,The Stroke - Remastered,Billy Squier
New York Mets,Luis Guillorme,Brother Louie,Stories
New York Mets,Eric Hanhold,Monster,Jacob Banks
New York Mets,Juan Lagares,Prendi (feat. El Mayor Clasico),Lirico En La Casa
New York Mets,Seth Lugo,Angry Again,Megadeth
New York Mets,Seth Lugo,5 Minutes Alone,Pantera
New York Mets,Steven Matz,Fly Like An Eagle,Steve Miller Band
New York Mets,Steven Matz,Call Me The Breeze,Lynyrd Skynyrd
New York Mets,Jeff McNeil,Rock Of Ages,Def Leppard
New York Mets,Tomas Nido,Desde el Corazón,Bad Bunny
New York Mets,Brandon Nimmo,Confidence,Sanctus Real
New York Mets,Corey Oswalt,Kickstart My Heart,Mötley Crüe
New York Mets,Tim Peterson,Celebrate,Rebelution
New York Mets,Wilson Ramos,Wilson,Phish
New York Mets,Wilson Ramos,Calma - Remix,Pedro Capó
New York Mets,Amed Rosario,Vivimo Caro,Jose Reyes
New York Mets,Amed Rosario,El Que No Aguanta La Presion,Secreto El Famoso Biberon
New York Mets,Amed Rosario,No Stylist,French Montana
New York Mets,Dominic Smith,Double Up (feat. Belly and Dom Kennedy),Nipsey Hussle
New York Mets,Dominic Smith,One Call,Gunna
New York Mets,Dominic Smith,Hussle & Motivate,Nipsey Hussle
New York Mets,Dominic Smith,Uptown Vibes (feat. Fabolous & Anuel AA),Meek Mill
New York Mets,Drew Smith,Wave on Wave,Pat Green
New York Mets,Noah Syndergaard,Immigrant Song - Remaster,Led Zeppelin
New York Mets,Noah Syndergaard,Carmina Burana,Trans-Siberian Orchestra
New York Mets,Jason Vargas,Panama - 2015 Remaster,Van Halen
New York Mets,Zack Wheeler,SpottieOttieDopaliscious,OutKast
New York Mets,Zack Wheeler,Cochise,Audioslave
New York Mets,Justin Wilson,"Sucker For Pain (with Wiz Khalifa, Imagine Dragons, Logic & Ty Dolla $ign feat. X Ambassadors)",Lil Wayne
New York Mets,Daniel Zamora,Lets Go,Khalid
Chicago White Sox,Jose Abreu,Amor y Control,Rubén Blades
Chicago White Sox,Jose Abreu,La Cuba Mia,Celia Cruz
Chicago White Sox,Yonder Alonso,"Shut Up (feat. Duece Poppito, Trina, & Co)",Trick Daddy
Chicago White Sox,Tim Anderson,Eat Or Starve,Lil Baby
Chicago White Sox,Manny Banuelos,Mi Vicio Más Grande,Banda El Recodo
Chicago White Sox,Ryan Burr,Gods Gonna Cut You Down,Johnny Cash
Chicago White Sox,Welington Castillo,Creere,Norbert Time
Chicago White Sox,Welington Castillo,Soldado Callejero,Nengo Flow
Chicago White Sox,Alex Colome,Liberace,Farruko
Chicago White Sox,Ryan Cordell,Something Just Like This,The Chainsmokers
Chicago White Sox,Adam Engel,Burning Man,Dierks Bentley
Chicago White Sox,Caleb Frare,Pour Some Sugar On Me - Remastered 2017,Def Leppard
Chicago White Sox,Jace Fry,MIDDLE CHILD,J. Cole
Chicago White Sox,Leury Garcia,En El Cielo No Hay Hospital,Juan Luis Guerra 4.40
Chicago White Sox,Lucas Giolito,POWER,Kanye West
Chicago White Sox,Kelvin Herrera,Abayarde,Tego Calderon
Chicago White Sox,Eloy Jimenez,Paquetera,Alibanda
Chicago White Sox,Nate Jones,Outlaw,The Phantoms
Chicago White Sox,Reynaldo Lopez,Todo Lo Puedo,Alex Zurdo
Chicago White Sox,James McCann,Back In Black,AC/DC
Chicago White Sox,Yoan Moncada,Aprender del Error,El Chulo
Chicago White Sox,Yoan Moncada,El Cuadro,Yomil y El Dany
Chicago White Sox,Ivan Nova,Creere,Tercer Cielo
Chicago White Sox,Daniel Palka,Feel Me Flow,Naughty By Nature
Chicago White Sox,Carlos Rodon,Rooster,Alice In Chains
Chicago White Sox,Jose Rondon,No Hay Una Vaina Mas Criolla,Vitico Castillo
Chicago White Sox,Jose Ruiz,Aqui Vivo Yo (feat. Neutro Shorty & Mr. Dalis),Apache
Chicago White Sox,Preston Tucker,Leave Right Now,Thomas Rhett
San Diego Padres,Allen Cordoba,18 Plus - Original Mix,Afro Bros
San Diego Padres,Robbie Erlin,Bad Company,Five Finger Death Punch
San Diego Padres,Chase Headley,Song of Deliverance,Zach Williams
San Diego Padres,Austin Hedges,Careless Whisper,George Michael
San Diego Padres,Eric Hosmer,All The Way Up,Fat Joe
San Diego Padres,Travis Jankowski,Id Love To Change The World - Matstubs Remix,Jetta
San Diego Padres,Dinelson Lamet,Tu Foto,Ozuna
San Diego Padres,Joey Lucchesi,On To The Next One [Jay-Z + Swizz Beatz],JAY Z
San Diego Padres,Manny Machado,"Shut Up (feat. Duece Poppito, Trina, & Co)",Trick Daddy
San Diego Padres,Kazuhisa Makita,International Love,Pitbull
San Diego Padres,Manuel Margot,Estare,Tercer Cielo
San Diego Padres,Kyle McGrath,Ignition - Remix,R. Kelly
San Diego Padres,Wil Myers,Immigrant Song - Remaster,Led Zeppelin
San Diego Padres,Luis Perdomo,Lo Que Yo Diga (Dema Ga Ge Gi Go Gu Remix),El Alfa
San Diego Padres,Boog Powell,Calm Down,Skip Marley
San Diego Padres,Boog Powell,Gods Plan,Drake
San Diego Padres,Hunter Renfroe,Psycho (feat. Ty Dolla $ign),Post Malone
San Diego Padres,Garrett Richards,Alone (Calvin Harris Remix) (Feat. Stefflon Don),Halsey
San Diego Padres,Sammy Solis,Revolution,Diplo
San Diego Padres,Craig Stammen,Eye of the Tiger,Survivor
San Diego Padres,Chris Stewart,Forsaken,Skillet
San Diego Padres,Adam Warren,Pour Some Sugar On Me,Def Leppard
San Diego Padres,Kirby Yates,Could You Be Loved,Bob Marley & The Wailers
Colorado Rockies,Yency Almonte,Feel so Good,Mase
Colorado Rockies,Tyler Anderson,Joker And The Thief,Wolfmother
Colorado Rockies,Nolan Arenado,Wow Freestyle (feat. Kendrick Lamar),Jay Rock
Colorado Rockies,Chad Bettis,King Wizard - Edited Version,Kid Cudi
Colorado Rockies,Charlie Blackmon,Your Love,The Outfield
Colorado Rockies,Wade Davis,Ackrite - Album Version (Edited),Dr. Dre
Colorado Rockies,Ian Desmond,Come Together,Ike & Tina Turner
Colorado Rockies,Mike Dunn,Born Again,Austin French
Colorado Rockies,Josh Fuentes,Hussle & Motivate,Nipsey Hussle
Colorado Rockies,Jon Gray,Rock the Night,Europe
Colorado Rockies,Garrett Hampson,Desperado,Rihanna
Colorado Rockies,Chris Iannetta,Burning Man,Dierks Bentley
Colorado Rockies,DJ Johnson,Wherever I May Roam,Metallica
Colorado Rockies,German Marquez,Ta Trancada - Guaracha & Aleteo,Aleteo Beatz
Colorado Rockies,Jake McGee,My Way,Calvin Harris
Colorado Rockies,Daniel Murphy,Im Shipping Up To Boston,Dropkick Murphys
Colorado Rockies,Scott Oberg,Kashmir - 1990 Remaster,Led Zeppelin
Colorado Rockies,Seunghwan Oh,Seven Nation Army,The White Stripes
Colorado Rockies,Mark Reynolds,Barefoot Blue Jean Night,Jake Owen
Colorado Rockies,Chris Rusin,Dont Let Me Down - W&W Remix,The Chainsmokers
Colorado Rockies,Antonio Senzatela,Esta Vida,Jorge Celedón
Colorado Rockies,Bryan Shaw,Start a War,Klergy
Colorado Rockies,Trevor Story,If I Cant - Album Version (Edited),50 Cent
Colorado Rockies,Trevor Story,Candyman,Zedd
Colorado Rockies,Pat Valaika,Radioactive,Imagine Dragons
Colorado Rockies,Tony Wolters,Stars,Marshmello
Cleveland Indians,Greg Allen,Diamonds Dancing,Drake
Cleveland Indians,Greg Allen,Hall of Fame,Swoope
Cleveland Indians,Trevor Bauer,The Pursuit Of Vikings,Amon Amarth
Cleveland Indians,Shane Bieber,Attention Span,Rebelution
Cleveland Indians,Carlos Carrasco,Summer Of 69,Bryan Adams
Cleveland Indians,Adam Cimber,Timber (feat. Ke$ha),Pitbull
Cleveland Indians,Mike Clevinger,Aint No Sunshine - Lido Remix,Bill Withers
Cleveland Indians,Tyler Clippard,Ready or Not,Fugees
Cleveland Indians,A.J. Cole,Just Another Thing (feat. Crucifix),The Lacs
Cleveland Indians,Carlos Gonzalez,No Pare,Yandel
Cleveland Indians,Brad Hand,You Know How We Do It - Remastered,Ice Cube
Cleveland Indians,Matt Joyce,Look Alive (feat. Drake),BlocBoy JB
Cleveland Indians,Jason Kipnis,Thief,Ookay
Cleveland Indians,Jason Kipnis,Pure Grinding,Avicii
Cleveland Indians,Corey Kluber,Jungle,X Ambassadors
Cleveland Indians,Francisco Lindor,Estamos Bien,Bad Bunny
Cleveland Indians,Francisco Lindor,Gangsta Zone - Album Version (Edited),Daddy Yankee
Cleveland Indians,Tyler Naquin,Picture Me Rollin,2Pac
Cleveland Indians,Tyler Olson,Come Together,Gary Clark Jr.
Cleveland Indians,Tyler Olson,HUMBLE.,Kendrick Lamar
Cleveland Indians,Dan Otero,Bridge Burning,Foo Fighters
Cleveland Indians,Oliver Perez,No Problem (feat. Lil Wayne & 2 Chainz),Chance the Rapper
Cleveland Indians,Roberto Perez,Bonita,J Balvin
Cleveland Indians,Roberto Perez,Escápate Conmigo (feat. Ozuna),Wisin
Cleveland Indians,Roberto Perez,Estamos Clear,Miky Woodz
Cleveland Indians,Kevin Plawecki,Look Alive (feat. Drake),BlocBoy JB
Cleveland Indians,Kevin Plawecki,Sky Walker (feat. Travis Scott),Miguel
Cleveland Indians,Hanley Ramirez,Take on Me,a-ha
Cleveland Indians,Jose Ramirez,Lo Que Yo Diga (Dema Ga Ge Gi Go Gu Remix),El Alfa
Cleveland Indians,Adam Plutko,Wanna Know,Obie Trice
Cleveland Indians,Jose Ramirez,Coronamos,Lito Kirino
Cleveland Indians,Carlos Santana,Ven Meneate - Remix,El Mayor Clasico
Cleveland Indians,Alex Wilson,Snake Farm,Ray Wylie Hubbard
Cleveland Indians,Bradley Zimmer,The Half,DJ Snake
Cincinnati Reds,Tucker Barnhart,Black Dog - 1990 Remaster,Led Zeppelin
Cincinnati Reds,Tucker Barnhart (second at-bat),Stairway to Heaven - Remaster,Led Zeppelin
Cincinnati Reds,Alex Blandino,Now Its Personal,Kid Ink
Cincinnati Reds,Luis Castillo,Mi Forma de Ser,Ala Jaza
Cincinnati Reds,Kyle Farmer,Down On The Farm,Tim McGraw
Cincinnati Reds,Scooter Gennett,Silence,Marshmello
Cincinnati Reds,Sonny Gray,They Just Dont Know,Gyft
Cincinnati Reds,Matt Kemp,Big Shot (with Travis Scott),Kendrick Lamar
Cincinnati Reds,Matt Kemp,Sleep When U Die,2 Chainz
Cincinnati Reds,Tyler Mahle,Thunder,Imagine Dragons
Cincinnati Reds,Wandy Peralta (first at-bat),Dura,Daddy Yankee
Cincinnati Reds,Wandy Peralta (second at-bat),Jalan We,Ala Jaza
Cincinnati Reds,Jose Peraza,Síguelo Bailando,Ozuna
Cincinnati Reds,Yasiel Puig,Apoyate en mi,Isabelle
Cincinnati Reds,Yasiel Puig,Dure Dure,JEN
Cincinnati Reds,Sal Romano,I Get The Bag (feat. Migos),Gucci Mane
Cincinnati Reds,Scott Schebler (first at-bat),Listen to the Music,The Doobie Brothers
Cincinnati Reds,Scott Schebler (second at-bat),One Foot,WALK THE MOON
Cincinnati Reds,Jackson Stephens,Anything Goes,Florida Georgia Line
Cincinnati Reds,Robert Stephenson,Portland,Drake
Cincinnati Reds,Eugenio Suarez,Criminal,Natti Natasha
Cincinnati Reds,Joey Votto,Work to Do,The Isley Brothers
Cincinnati Reds,Zack Weiss,Cochise,Audioslave
Cincinnati Reds,Jesse Winker (first at-bat),Often,The Weeknd
Cincinnati Reds,Alex Wood,Cant Stop,Red Hot Chili Peppers
Washington Nationals,Wilmer Difo - first at-bat,"Work Hard, Play Hard",Wiz Khalifa
Washington Nationals,Wilmer Difo - second at-bat,Creere,Tercer Cielo
Washington Nationals,Adam Eaton - first at-bat,No Diggity,Blackstreet
Washington Nationals,Adam Eaton - second at-bat,Return of the Mack,Mark Morrison
Washington Nationals,Michael Taylor,I Aint Done,Andy Mineo
Washington Nationals,Anthony Rendon - second at-bat,Astronaut,Derek Minor
Washington Nationals,Anthony Rendon - first at-bat,Light Work,116
Washington Nationals,Trea Turner - first at-bat,Look Ahead,Future
Washington Nationals,Trea Turner - second at-bat,Waves,Kanye West
Washington Nationals,Brian Dozier,Dirt On My Boots,Jon Pardi
Washington Nationals,Ryan Zimmerman - first at-bat,Old Thing Back (feat. Ja Rule and Ralph Tresvant),Matoma
Washington Nationals,Ryan Zimmerman - second at-bat,Lemon - Drake Remix,N.E.R.D
Washington Nationals,Matt Adams,Wat Da Hook Gon Be - Dirty,Murphy Lee
Washington Nationals,Matt Adams - second at-bat,Bright Lights,Gary Clark Jr.
Washington Nationals,Victor Robles - first at-bat,La Gracia,El Philippe
Washington Nationals,Andrew Stevenson,Summertime,Kenny Chesney
Washington Nationals,Juan Soto - first at-bat,Suave (Remix),El Alfa
Washington Nationals,Juan Soto - second at-bat,Nice For What,Drake
Washington Nationals,Kyle Barraclough,Diamonds - Remix,Rihanna
Washington Nationals,Sean Doolittle,For Whom The Bell Tolls (Remastered),Metallica
Washington Nationals,Erick Fedde,Feel Good (feat. Daya) - T-Mass & LZRD Remix,Gryffin
Washington Nationals,Koda Glover,Sweet Dreams (Are Made Of This),Marilyn Manson
Washington Nationals,Matt Grace,When the Levee Breaks - Remastered,Led Zeppelin
Washington Nationals,Howie Kendrick,They Know [Dey Know],Shawty Lo
Washington Nationals,Adrian Sanchez,Mocca - Remix,Lalo Ebratt
Washington Nationals,Max Scherzer,NO NAME,NF
Washington Nationals,Tony Sipp,Lets Get It / Skys The Limit - Album Version (Edited),Jeezy
Washington Nationals,Brandon Snyder,Thunder (With K.Flay) - Official Remix,Imagine Dragons
Washington Nationals,Stephen Strasburg,Seven Nation Army,The White Stripes
Washington Nationals,Kurt Suzuki,Night Nurse,Gregory Isaacs
Houston Astros,Jose Altuve,Firestone (feat. Conrad Sewell),Kygo
Houston Astros,Michael Brantley,Walk Thru (feat. Problem),Rich Homie Quan
Houston Astros,Alex Bregman,Old Town Road - Remix,Lil Nas X
Houston Astros,Robinson Chirinos,Nothing Is Impossible,Planetshakers
Houston Astros,Gerrit Cole,Gimme Shelter,The Rolling Stones
Houston Astros,Carlos Correa,La Romana,Bad Bunny
Houston Astros,Chris Devenski,Never Quit,Benjah
Houston Astros,Aledmys Diaz,Rie y Llora,Celia Cruz
Houston Astros,Yuli Gurriel,No Mas Mentiras (Remix),Jacob Forever
Houston Astros,Will Harris,The Man Comes Around,Johnny Cash
Houston Astros,Josh James,Fireman - Main,Lil Wayne
Houston Astros,Tony Kemp,Lets Groove,"Earth, Wind & Fire"
Houston Astros,Tony Kemp,This Is How We Do It,Montell Jordan
Houston Astros,Jake Marisnick,Party Up,DMX
Houston Astros,Collin McHugh,Come Together,Gary Clark Jr.
Houston Astros,Wade Miley,Hillbilly Deluxe,Brooks & Dunn
Houston Astros,Roberto Osuna,La Player (Bandolera),Zion & Lennox
Houston Astros,Brad Peacock,Smoke A Little Smoke,Eric Church
Houston Astros,Ryan Pressly,Enemies,Shinedown
Houston Astros,Josh Reddick,Also Sprach Zarathustra: Sunrise (Theme to 2001: A Space Odyssey),London Philharmonic Orchestra
Houston Astros,Josh Reddick,Thief,Ookay
Houston Astros,Hector Rondon,Caro,Bad Bunny
Houston Astros,Joe Smith,My Kinda Party,Jason Aldean
Houston Astros,George Springer,BUTTERFLY EFFECT,Travis Scott
Houston Astros,Max Stassi,In The Air Tonight - 2015 Remastered,Phil Collins
Houston Astros,Justin Verlander,Till I Collapse,Eminem
Houston Astros,Tyler White,whoa (mind in awe),XXXTENTACION
Minnesota Twins,Tyler Austin,E.I.,Nelly
Minnesota Twins,Tyler Austin,Taste (feat. Offset),Tyga
Minnesota Twins,Jason Castro,Willy Wonka (feat. Offset),Macklemore
Minnesota Twins,C.J. Cron,Thats What I Like,Bruno Mars
Minnesota Twins,C.J. Cron,The Way I Live - Regular Version (Clean),Baby Boy Da Prince
Minnesota Twins,Mitch Garver,Shining Star,"Earth, Wind & Fire"
Minnesota Twins,Jonathan Schoop,BUTTERFLY EFFECT,Travis Scott
Minnesota Twins,Ronald Torreyes,Escápate Conmigo (feat. Ozuna),Wisin
Boston Red Sox,Matt Barnes,WOW,Tiësto
Boston Red Sox,Andrew Benintendi,"Houston, We Got a Problem",Luke Combs
Boston Red Sox,Mookie Betts,I Love My City,Ernest K.
Boston Red Sox,Xander Bogaerts,Dreams and Nightmares,Meek Mill
Boston Red Sox,Xander Bogaerts,X Gon Give It To Ya,DMX
Boston Red Sox,Jackie Bradley Jr.,Venom - Music From The Motion Picture,Eminem
Boston Red Sox,Rafael Devers,Soltera - Remix,Lunay
Boston Red Sox,Heath Hembree,Erase Your Social,Lil Uzi Vert
Boston Red Sox,Marco Hernandez,Balenciaga,Ozuna
Boston Red Sox,Brock Holt,Dance Her Home,Cody Johnson
Boston Red Sox,Sandy Leon,En El Cielo No Hay Hospital,Juan Luis Guerra 4.40
Boston Red Sox,J.D. Martinez,Hustlin,Rick Ross
Boston Red Sox,Eduardo Nunez,Como Antes (feat. Wisin),Yandel
Boston Red Sox,Rick Porcello,Shadow on the Sun,Audioslave
Boston Red Sox,David Price,Aint I - main voc up,Yung L.A.
Boston Red Sox,Eduardo Rodriguez,Old Town Road - Remix,Lil Nas X
Boston Red Sox,Tyler Thornburg,Here Comes The Hotstepper (Remix),Ini Kamoze
Boston Red Sox,Sam Travis,I Remember,Takeoff
Boston Red Sox,Christian Vazquez,Baila Baila Baila,Ozuna
Boston Red Sox,Hector Velazquez,El son de la negra,Mariachi Vargas De Tecalitlan
Boston Red Sox,Brandon Workman,Runnin Outta Moonlight,Randy Houser
Toronto Blue Jays,John Axford,The Heretic Anthem,Slipknot
Toronto Blue Jays,Danny Barnes,Everlong,Foo Fighters
Toronto Blue Jays,Joe Biagini,Goodbye Stranger - 2010 Remastered,Supertramp
Toronto Blue Jays,Clay Buchholz,Lunatic Fringe,Red Rider
Toronto Blue Jays,Clay Buchholz,Simple Man - Acoustic,Shinedown
Toronto Blue Jays,Brandon Drury,Old Thing Back (feat. Ja Rule and Ralph Tresvant),Matoma
Toronto Blue Jays,Freddy Galvis,De Vuelta Al Escenario,Apache
Toronto Blue Jays,Sam Gaviglio,Lampshades on Fire,Modest Mouse
Toronto Blue Jays,Ken Giles,King of the Ring,Adrenaline Mob
Toronto Blue Jays,Teoscar Hernandez,Zumba,Don Omar
Toronto Blue Jays,Luke Maile,Kashmir - 1990 Remaster,Led Zeppelin
Toronto Blue Jays,Tim Mayza,Hail to the King,Avenged Sevenfold
Toronto Blue Jays,Billy McKinney,Home,MAX
Toronto Blue Jays,Kevin Pillar,Dont It,Billy Currington
Toronto Blue Jays,Dalton Pompey,Down For My Ns,C-Murder
Toronto Blue Jays,Clayton Richard,Country Grammar (Hot...),Nelly
Toronto Blue Jays,Aaron Sanchez,Hussle & Motivate,Nipsey Hussle
Toronto Blue Jays,Justin Smoak,The Weekend,Brantley Gilbert
Toronto Blue Jays,Eric Sogard,Radioactive,Imagine Dragons
Toronto Blue Jays,Marcus Stroman,ATM,J. Cole
Toronto Blue Jays,Ryan Tepera,For Whom The Bell Tolls (Live),Metallica
Toronto Blue Jays,Devon Travis,Ball For Me (feat. Nicki Minaj),Post Malone
Pittsburgh Pirates,Chris Archer,Black and Yellow,Wiz Khalifa
Pittsburgh Pirates,Chris Archer,Tempo,Chris Brown
Pittsburgh Pirates,Josh Bell,Feels Like Summer,Vince Staples
Pittsburgh Pirates,Steven Brault,Come Down,Anderson .Paak
Pittsburgh Pirates,Steven Brault,The Only Thing We Know,Bob Moses
Pittsburgh Pirates,Francisco Cervelli,Thats Amore - Remastered,Dean Martin
Pittsburgh Pirates,Lonnie Chisenhall,Hair Up,Justin Timberlake
Pittsburgh Pirates,Elias Diaz,La Mejor Bendición,Christian Lopez
Pittsburgh Pirates,Corey Dickerson,Edge Of Darkness,Greta Van Fleet
Pittsburgh Pirates,Adam Frazier,Xxplosive,Dr. Dre
Pittsburgh Pirates,Erik Gonzalez,Real Guerrero,Secreto El Famoso Biberon
Pittsburgh Pirates,Jung Ho Kang,One Punch Man (feat. Ski Mask The Slump God & Denzel Curry),Higher Brothers
Pittsburgh Pirates,Jung Ho Kang,Pure Water (with Migos),Mustard
Pittsburgh Pirates,Nick Kingham,Deadly Rhythm (Bobby Green Remix),Tiger La
Pittsburgh Pirates,Francisco Liriano,Sandungueoso,Tego Calderon
Pittsburgh Pirates,Jordan Lyles,Cruise,Florida Georgia Line
Pittsburgh Pirates,Starling Marte,Caro,Bad Bunny
Pittsburgh Pirates,Starling Marte,"Pomposo (Remix) [feat. Yomel el Meloso, Shadow Blow & Bulova]",El Alfa
Pittsburgh Pirates,Starling Marte,La Romana,Bad Bunny
Pittsburgh Pirates,Jason Martin,Hussle & Motivate,Nipsey Hussle
Pittsburgh Pirates,Colin Moran,Start Me Up - Remastered,The Rolling Stones
Pittsburgh Pirates,Joe Musgrove,Vampire - Feat. Whiteboy John,Tribal Seeds
Pittsburgh Pirates,Joe Musgrove,People Everyday - Metamorphosis Mix,Arrested Development
Pittsburgh Pirates,Kevin Newman,Cant Tell Me Nothing,Kanye West
Pittsburgh Pirates,Gregory Polanco,Tan Celoso,Chimbala
Pittsburgh Pirates,Pablo Reyes,Yo Sin Ti,Lilly Goodman
Pittsburgh Pirates,Pablo Reyes,Locos Por Jesus,Tercer Cielo
Pittsburgh Pirates,JB Shuck,Loud and Heavy,Cody Jinks
Pittsburgh Pirates,Chris Stratton,Brother,NEEDTOBREATHE
Pittsburgh Pirates,Jameson Taillon,Eyes Closed,R3HAB
Pittsburgh Pirates,Jameson Taillon,When the Levee Breaks - Remastered,Led Zeppelin
Pittsburgh Pirates,Felipe Vazquez,Aguanile,Marc Anthony
Pittsburgh Pirates,Trevor Williams,Fat Lip,Sum 41
Pittsburgh Pirates,Trevor Williams,Even Flow,Pearl Jam
San Francisco Giants,Brandon Belt,You Spin Me Round (Like a Record),Dead Or Alive
San Francisco Giants,Travis Bergen,Turn The Page,Metallica
San Francisco Giants,Madison Bumgarner,Bad Company - 2015 Remaster,Bad Company
San Francisco Giants,Brandon Crawford,Going Bad (feat. Drake),Meek Mill
San Francisco Giants,Brandon Crawford,"Shook Ones, Pt. II",Mobb Deep
San Francisco Giants,Brandon Crawford,Congratulations,Post Malone
San Francisco Giants,Alex Dickerson,Believer,Imagine Dragons
San Francisco Giants,Steven Duggar,First Off (feat. Travis Scott),Future
San Francisco Giants,Johnny Cueto,El Amante,Nicky Jam
San Francisco Giants,Michael Gerber,Desperado,Rihanna
San Francisco Giants,Derek Holland,Here Comes the Money (Shane McMahon),WWE
San Francisco Giants,Evan Longoria,Down And Out,Tantric
San Francisco Giants,Mark Melancon,Thunderstruck,AC/DC
San Francisco Giants,Joe Panik,Dead & Bloated,Stone Temple Pilots
San Francisco Giants,Gerardo Parra,Sigo Siendo el Papá,Silvestre Dangond
San Francisco Giants,Buster Posey,Burning Man,Dierks Bentley
San Francisco Giants,Jeff Samardzija,In Bloom - Nevermind Version,Nirvana
San Francisco Giants,Pablo Sandoval,Los Bandoleros,Tego Calderon
San Francisco Giants,Will Smith,Stranglehold,Ted Nugent
San Francisco Giants,Yangervis Solarte,Gyal You A Party Animal,Charly Black
San Francisco Giants,Yangervis Solarte,X,Nicky Jam
San Francisco Giants,Stephen Vogt,Comatose,Skillet
Los Angeles Dodgers,Austin Barnes,Big Lie,Post Malone
Los Angeles Dodgers,Cody Bellinger,HUMBLE.,Kendrick Lamar
Los Angeles Dodgers,David Freese,Catfish Blues - Live,Gary Clark Jr.
Los Angeles Dodgers,Enrique Hernandez,X,Nicky Jam
Los Angeles Dodgers,Rich Hill,Even Flow,Pearl Jam
Los Angeles Dodgers,Kenley Jansen,California Love - Original Version,2Pac
Los Angeles Dodgers,Clayton Kershaw (Pitching),We Are Young (feat. Janelle Monáe),fun.
Los Angeles Dodgers,Clayton Kershaw (Batting),Let You Go - Radio Edit,The Chainsmokers
Los Angeles Dodgers,Kenta Maeda,無限未来,Perfume
Los Angeles Dodgers,Kenta Maeda,Ignition - Remix,R. Kelly
Los Angeles Dodgers,Russell Martin,Feel so Good,Mase
Los Angeles Dodgers,Joc Pederson,Thunder,Imagine Dragons
Los Angeles Dodgers,A.J. Pollock,Come Together,Gary Clark Jr.
Los Angeles Dodgers,Hyun-Jin Ryu,KOREAN MONSTER,JED
Los Angeles Dodgers,Corey Seager,U Turn,Chase Rice
Los Angeles Dodgers,Chris Taylor,Copperhead Road,Steve Earle
Los Angeles Dodgers,Andrew Toles,XXX. FEAT. U2.,Kendrick Lamar
Los Angeles Dodgers,Justin Turner,Shape of You,Ed Sheeran
Los Angeles Dodgers,Julio Urias,El Sinaloense,Banda El Recodo
Arizona Diamondbacks,Nick Ahmed,I just need U.,TobyMac
Arizona Diamondbacks,Matt Andriese,Byob,Sevenn
Arizona Diamondbacks,Alex Avila,Icky Thump,The White Stripes
Arizona Diamondbacks,Andrew Chafin,Thats My Kind Of Night,Luke Bryan
Arizona Diamondbacks,Taylor Clarke,My Kinda Party,Jason Aldean
Arizona Diamondbacks,Taylor Clarke,Middle,DJ Snake
Arizona Diamondbacks,Stefan Crichton,Wherever I May Roam,Metallica
Arizona Diamondbacks,Jon Duplantier,Whoomp! (There It Is),Tag Team
Arizona Diamondbacks,Eduardo Escobar,"Escápate Conmigo (feat. Ozuna, Bad Bunny, De La Ghetto, Arcángel, Noriel & Almighty) - Remix",Wisin
Arizona Diamondbacks,Eduardo Escobar,Dura - Remix,Daddy Yankee
Arizona Diamondbacks,Wilmer Flores,Ill Be There for You (Theme from Friends) - Single Version,The Rembrandts
Arizona Diamondbacks,Zack Godley,Welcome Home,Coheed and Cambria
Arizona Diamondbacks,Zack Greinke,Seminole Wind,John Anderson
Arizona Diamondbacks,Caleb Joseph,Who You Say I Am,Hillsong Worship
Arizona Diamondbacks,Merrill Kelly,Return of the Mack,Mark Morrison
Arizona Diamondbacks,Tim Locastro,Pray For Me (with Kendrick Lamar),The Weeknd
Arizona Diamondbacks,Yoan Lopez,Supérate,El Taiger
Arizona Diamondbacks,Ketel Marte,Bye Bye,Mozart La Para
Arizona Diamondbacks,Ketel Marte,Llego el Moreno,El Alfa
Arizona Diamondbacks,T.J. McFarland,Cant Stop,Red Hot Chili Peppers
Arizona Diamondbacks,John Ryan Murphy,Mrs. Officer - Album Version (Edited),Lil Wayne
Arizona Diamondbacks,Robbie Ray,Im From The Country - Single Version,Tracy Byrd
Arizona Diamondbacks,Robbie Ray,Freedom,Zach Williams
Arizona Diamondbacks,Ildemaro Vargas,Amanece,Anuel Aa
Arizona Diamondbacks,Ildemaro Vargas,Ven y Hazlo Tú (feat. Arcángel),Nicky Jam
Arizona Diamondbacks,Luke Weaver,Blue (Da Ba Dee) - Gabry Ponte Ice Pop Radio,Eiffel 65
Seattle Mariners,Tim Beckham,No Stylist,French Montana
Seattle Mariners,Braden Bishop,Pay You Back (feat. 21 Savage),Meek Mill
Seattle Mariners,J.P. Crawford,wokeuplikethis*,Playboi Carti
Seattle Mariners,Edwin Encarnacion,Vivimo Caro,Jose Reyes
Seattle Mariners,Cory Gearrin,Come Together,Gary Clark Jr.
Seattle Mariners,Dee Gordon,4L,21 Savage
Seattle Mariners,Mitch Haniger,Shorty Wanna Ride,Young Buck
Seattle Mariners,Ryon Healy,Party Up,DMX
Seattle Mariners,Felix Hernandez,I Am The King - Original Mix,James Meyers
Seattle Mariners,Wade LeBlanc,The Rubberband Man,The Spinners
Seattle Mariners,Dylan Moore,NI BIEN NI MAL,Bad Bunny
Seattle Mariners,Tom Murphy,My Own Summer (Shove It),Deftones
Seattle Mariners,Omar Narvaez,Abayarde,Tego Calderon
Seattle Mariners,Domingo Santana,La Vuelta,Secreto El Famoso Biberon
Seattle Mariners,Kyle Seager,They Dont Know,Jason Aldean
Seattle Mariners,Kyle Seager,Hear Me Now (feat. DIAMANTE),Bad Wolves
Seattle Mariners,Mallex Smith,Better,Khalid
Seattle Mariners,Hunter Strickland,Southern Thunder,"Hank Williams, Jr."
Seattle Mariners,Sam Tuivailala,Nota de Pasión,Don Miguelo
Seattle Mariners,Arodys Vizcaino,Yo Llegare,Secreto El Famoso Biberon
Seattle Mariners,Daniel Vogelbach,Get Like Me,David Banner
Chicago Cubs,Jim Adduci,Long Cool Woman (In a Black Dress) - 1999 Remaster,The Hollies
Chicago Cubs,Francisco Arcia,La Player (Bandolera),Zion & Lennox
Chicago Cubs,Javier Baez,Chambea,Bad Bunny
Chicago Cubs,Kris Bryant,Warm It Up,Kris Kross
Chicago Cubs,Victor Caratini,Bonita,J Balvin
Chicago Cubs,Tyler Chatwood,Rollin (feat. Future & Khalid),Calvin Harris
Chicago Cubs,Steve Cishek,Song of Deliverance,Zach Williams
Chicago Cubs,Willson Contreras,Dura,Daddy Yankee
Chicago Cubs,Yu Darvish,Crank That (Soulja Boy),Soulja Boy
Chicago Cubs,Brian Duensing,Mutt,blink-182
Chicago Cubs,Carl Edwards Jr.,Ric Flair Drip (& Metro Boomin),Offset
Chicago Cubs,Phillip Evans,CLOSE (feat. Travis Scott) - From SR3MM,Rae Sremmurd
Chicago Cubs,Kendall Graveman,Sweet Home Alabama,Lynyrd Skynyrd
Chicago Cubs,Cole Hamels,Believer,Imagine Dragons
Chicago Cubs,Ian Happ,Welcome Back,Mase
Chicago Cubs,Kyle Hendricks,Sweet Emotion,Aerosmith
Chicago Cubs,Jason Heyward,This Girl (Kungs Vs. Cookin On 3 Burners) - Kungs Vs. Cookin On 3 Burners,Kungs
Chicago Cubs,Jon Lester,I Use What I Got,Jason Aldean
Chicago Cubs,Mike Montgomery,The Show Goes On,Lupe Fiasco
Chicago Cubs,Brandon Morrow,Whatever It Takes,Imagine Dragons
Chicago Cubs,Colin Rea,Homegrown,Zac Brown Band
Chicago Cubs,Anthony Rizzo,Intoxicated - Radio Edit,Martin Solveig
Chicago Cubs,Addison Russell,Lemon,N.E.R.D
Chicago Cubs,Kyle Schwarber,Thuggish Ruggish Bone,Bone Thugs-N-Harmony
Chicago Cubs,Shae Simmons,Rock and Roll - 1990 Remaster,Led Zeppelin
Chicago Cubs,Pedro Strop,Raputin,El Alfa
Oakland Athletics,Brett Anderson,Recollection,Evacuate the City
Oakland Athletics,Brett Anderson,1984,Adestria
Oakland Athletics,Chris Bassitt,Presidential,Youngbloodz
Oakland Athletics,Paul Blackburn,Devil Eyes,Hippie Sabotage
Oakland Athletics,Aaron Brooks,Let It Fly (feat. Travis Scott),Lil Wayne
Oakland Athletics,Ryan Buchter,Going the Distance (From Creed),Fitspo
Oakland Athletics,Mark Canha,Vogue,Madonna
Oakland Athletics,Matt Chapman,Codeine Dreaming (feat. Lil Wayne),Kodak Black
Oakland Athletics,Khris Davis,Spaceship,Kanye West
Oakland Athletics,Ryan Dull,Remember This,NF
Oakland Athletics,Marco Estrada,Welcome To The Jungle,Guns N Roses
Oakland Athletics,Dustin Fowler,Id Love To Change The World - Matstubs Remix,Jetta
Oakland Athletics,Dustin Fowler,Freeway,Flux Pavilion
Oakland Athletics,Nick Hundley,Shine,Collective Soul
Oakland Athletics,Ramon Laureano,Solita,Ozuna
Oakland Athletics,Jesus Luzardo,Guaya Guaya,Don Omar
Oakland Athletics,Nick Martini,Good Vibes (feat. Laurell),Quintino
Oakland Athletics,Jorge Mateo,Rico De Cuna,Aposento Alto
Oakland Athletics,Daniel Mengden,Nice For What,Drake
Oakland Athletics,Matt Olson,Jersey,Future
Oakland Athletics,Yusmeiro Petit,X,Nicky Jam
Oakland Athletics,Josh Phegley,Fire on the Horizon,Stick Figure
Oakland Athletics,Chad Pinder,Desperado,Rihanna
Oakland Athletics,Stephen Piscotty,Say Something,Justin Timberlake
Oakland Athletics,Jurickson Profar,Uptown Vibes (feat. Fabolous & Anuel AA),Meek Mill
Oakland Athletics,Marcus Semien,X (with 2 Chainz & Saudi),ScHoolboy Q
Oakland Athletics,Marcus Semien,All the Time,Swoope
Oakland Athletics,Joakim Soria,Welcome To The Jungle,Guns N Roses
Oakland Athletics,Beau Taylor,through the late night,Travis Scott
Oakland Athletics,Blake Treinen,The Outsiders,Eric Church
Oakland Athletics,Lou Trivino,Love Me,WiDE AWAKE
Oakland Athletics,J.B. Wendelken,REDNECKER,HARDY
